,0,1,2,3,4,5,6,7,8,9,10,11,12,13,14,15,16,17,18,19,20
0,1534a,1208b,2,1,1,1,2,3,1,3,2,1,0,1,0,2,1,0,1,1,0
1,0562c,0359b,3,0,1,3,2,1,0,2,2,3,2,1,0,2,2,3,0,2,0
2,1487c,1561b,3,1,1,3,0,1,0,0,1,0,0,1,0,2,2,2,1,1,0
3,1267c,0474b,1,0,1,0,2,2,0,1,1,2,1,1,3,2,3,3,3,2,0
4,1330a,0474b,3,2,1,3,2,2,0,0,2,2,1,1,3,2,3,3,3,2,0
5,0517c,1350c,1,1,1,3,0,2,3,2,1,1,4,1,3,0,1,2,1,1,0
6,1394c,1504a,3,2,1,0,2,2,3,2,1,1,0,1,1,2,1,3,0,2,0
7,1540c,0372b,1,2,1,0,2,2,1,0,1,1,1,1,3,1,2,1,2,2,0
8,1442b,0923a,2,2,1,3,2,2,1,4,2,2,1,1,1,1,2,0,2,2,0
9,0405c,0315b,1,0,1,1,2,2,1,2,1,2,1,0,2,2,1,1,3,2,0
10,1543b,1245c,2,1,1,2,2,2,1,0,2,1,0,1,3,2,2,1,4,2,0
11,1416a,1441c,1,1,1,3,2,1,0,4,2,1,1,1,1,2,2,1,1,1,0
12,1453a,0411b,1,1,1,3,2,2,0,4,2,1,2,1,1,2,2,0,1,2,0
13,0353c,0510b,1,2,1,1,2,3,0,1,2,0,1,1,3,0,3,3,3,1,0
14,0544b,0373a,2,1,1,3,2,3,0,0,2,3,0,1,0,0,2,0,2,2,0
15,0562a,1366c,0,1,1,3,2,2,1,4,2,0,1,1,0,2,2,1,1,1,0
16,1153b,0488b,0,4,1,3,2,2,1,2,2,2,0,0,0,2,1,0,0,2,0
17,1153b,1409b,0,4,1,3,2,2,1,2,2,1,1,1,3,2,3,3,1,2,0
18,0520a,0885c,2,4,1,0,2,1,3,3,2,2,1,1,0,1,3,0,0,2,0
19,0581c,0549b,2,4,2,3,2,2,1,2,2,0,1,0,2,2,3,3,4,2,0
20,1475b,1562b,3,1,0,3,2,2,0,3,2,1,2,1,0,0,2,0,2,2,0
21,1520a,1508b,3,2,1,3,2,2,0,2,2,1,1,1,0,2,1,1,0,1,0
22,1328a,0530a,3,1,1,2,2,3,0,0,2,2,4,1,0,2,3,3,4,2,0
23,0435b,1114a,2,1,0,2,2,2,1,0,2,2,1,1,3,0,2,2,0,1,0
24,1365b,0563a,0,4,1,3,2,2,1,0,2,1,1,1,1,0,2,0,2,1,0
25,0354b,0457a,3,1,1,0,2,3,1,4,2,2,3,1,3,2,2,0,1,2,0
26,0576c,0550c,2,4,1,1,2,2,0,2,2,2,0,1,1,2,2,0,4,2,0
27,0577b,0969b,2,1,0,3,2,2,1,2,2,2,0,1,1,2,1,1,2,1,0
28,1361b,1471c,1,0,1,3,2,2,0,4,2,1,1,1,0,0,1,1,1,2,0
29,0365c,1125b,0,4,0,3,0,1,1,2,1,1,1,2,4,3,2,1,2,1,0
30,1365b,0556a,0,4,1,3,2,2,1,0,2,2,1,1,1,0,2,0,4,1,0
31,1201a,0535b,0,1,1,0,2,2,2,3,2,0,0,1,2,2,2,1,4,2,0
32,0564a,1532a,2,1,1,0,2,3,3,2,1,0,2,1,0,2,1,1,1,1,0
33,1405c,1178c,2,3,1,0,2,2,0,1,2,2,4,1,3,0,2,1,0,2,0
34,1196a,0434c,0,1,1,3,2,2,2,1,1,0,1,0,2,2,3,0,3,2,0
35,0472c,1499b,2,1,1,1,2,2,3,2,2,2,1,1,2,2,2,3,4,2,0
36,0355a,0327b,3,2,1,3,2,3,0,3,2,0,1,1,1,1,2,0,3,2,0
37,1341a,1426a,0,2,1,0,2,2,0,2,2,2,0,1,1,2,2,1,2,1,0
38,0354b,1476c,3,1,1,0,2,3,1,4,2,1,2,1,3,0,2,1,1,1,0
39,0892a,0401c,1,0,1,1,2,3,0,0,2,1,3,1,3,0,3,0,4,2,0
40,1391b,1196b,3,4,1,0,2,2,1,4,2,0,2,1,0,2,2,1,2,1,0
41,1330a,1149c,3,2,1,3,2,2,0,0,2,1,1,1,3,2,1,3,3,2,0
42,0368c,0387b,3,1,0,2,2,3,2,2,2,2,2,0,1,0,1,0,2,1,0
43,0538a,0474c,2,1,0,3,2,2,1,4,2,3,4,1,0,2,2,3,1,2,0
44,1546b,0413b,3,1,1,0,0,3,0,3,2,1,1,1,3,0,1,2,2,1,0
45,0424a,0380a,1,2,1,3,2,2,0,1,2,1,4,1,3,2,2,3,1,2,0
46,1544a,0311c,3,4,1,0,2,2,3,4,2,0,0,1,0,0,2,2,1,1,0
47,0525b,1108b,2,3,0,0,2,2,0,3,2,2,2,0,2,2,1,0,0,2,0
48,1204a,0313b,0,0,1,0,2,2,1,0,2,2,1,0,2,2,2,0,0,2,0
49,1309b,0373b,2,2,1,3,2,2,0,0,2,2,1,1,1,2,1,0,0,1,0
50,0571b,0510c,0,1,1,0,2,2,0,0,2,3,1,1,1,2,1,1,0,2,0
51,0306a,0335a,3,1,1,2,2,2,0,1,2,1,1,1,2,2,2,1,0,2,0
52,0405a,1259b,3,0,1,0,2,3,1,2,1,1,0,1,3,2,1,2,2,1,0
53,0389c,0471b,2,0,1,0,2,2,3,2,2,0,0,1,0,1,2,0,2,2,0
54,0536b,0451c,1,0,1,2,2,2,0,3,2,1,0,1,1,2,2,0,2,1,0
55,1463a,1551a,2,1,1,0,2,2,1,1,1,0,1,1,0,2,2,3,3,2,0
56,1433a,1193a,2,2,1,0,2,2,1,0,2,1,4,1,3,2,3,1,1,2,0
57,1513c,0927b,1,1,1,0,1,2,1,1,2,1,4,1,1,2,3,1,1,2,0
58,1191c,0375b,3,4,1,3,2,3,3,4,2,1,3,0,1,0,2,0,2,1,0
59,0531a,1260c,2,2,1,1,2,2,0,3,2,3,2,1,0,2,2,1,1,2,0
60,1236c,1039c,1,1,1,1,2,3,0,1,2,2,4,1,0,2,2,3,1,2,0
61,0337a,0535a,2,1,1,3,2,2,3,2,1,2,4,1,1,2,2,2,1,1,0
62,1534b,0561a,1,1,1,3,2,2,1,1,2,2,1,1,3,2,1,0,1,2,0
63,0557c,1343a,1,1,1,0,2,1,0,2,1,2,0,1,0,2,1,0,0,2,0
64,1236a,1319a,3,0,1,3,2,2,0,3,2,2,0,1,0,2,2,3,4,2,0
65,1328a,1546b,3,1,1,2,2,3,0,0,2,3,1,1,0,0,3,0,3,2,0
66,1511b,0355b,0,1,0,2,2,2,0,2,2,1,4,1,0,0,2,1,1,1,0
67,1382c,0555c,2,2,1,0,2,2,0,1,2,3,0,1,1,2,2,0,4,2,0
68,0471c,0873b,0,0,1,3,2,1,1,2,1,3,0,2,3,0,2,0,3,2,0
69,0431a,0403a,3,2,1,3,1,2,3,2,2,2,0,2,1,0,1,0,1,1,0
70,0321a,0530a,2,1,1,3,2,1,1,2,1,2,4,1,0,2,3,3,4,2,0
71,0496a,1406a,3,4,1,0,2,3,1,2,2,1,2,2,4,2,2,0,2,2,0
72,1365c,0411a,2,2,1,1,2,2,1,2,2,3,1,1,0,2,1,1,4,2,0
73,1210a,0347a,0,1,1,0,0,2,2,2,1,2,4,1,3,0,3,1,4,1,0
74,0379c,1442b,2,1,1,2,2,2,0,3,2,2,2,1,3,2,2,1,4,2,0
75,1501c,1125b,0,1,1,0,0,2,1,2,1,1,1,2,4,3,2,1,2,1,0
76,0333a,0540c,2,1,1,3,2,1,2,0,1,2,1,0,4,0,2,0,3,2,0
77,0596a,0950a,2,0,1,3,2,2,1,3,2,2,1,1,3,0,2,2,2,1,0
78,0396b,1430c,2,1,0,1,2,2,1,3,2,0,0,1,3,2,3,0,3,2,0
79,0355a,0518c,3,2,1,3,2,3,0,3,2,3,4,1,1,2,3,0,4,2,0
80,0496f,1255a,2,4,1,0,2,2,1,2,2,1,1,1,0,2,2,1,0,1,0
81,0451a,0414b,2,1,1,0,2,1,0,0,2,1,1,1,0,2,1,1,1,2,0
82,1196b,0489b,0,2,1,0,2,2,1,2,1,1,0,1,0,2,3,3,4,2,0
83,1567b,0324a,3,1,0,2,2,2,0,0,2,0,2,1,0,1,2,1,3,2,0
84,0576c,0491c,2,4,1,1,2,2,0,2,2,2,2,1,0,2,2,0,4,2,0
85,0445a,0314a,2,2,1,0,0,2,0,3,2,1,1,1,0,2,1,2,1,1,0
86,1504b,0547c,3,1,1,3,1,2,0,4,2,1,2,1,3,2,1,2,1,1,0
87,1429b,0510c,2,1,1,0,0,2,0,1,1,3,1,1,1,2,1,1,0,2,0
88,0496e,0537c,2,1,0,1,2,3,0,2,2,2,2,1,3,2,2,2,0,1,0
89,0322b,1383b,1,1,1,3,1,2,0,1,2,3,2,1,3,0,2,1,2,1,0
90,0379b,1378b,3,1,1,0,2,2,0,3,2,3,1,1,3,2,2,1,3,2,0
91,1487c,1219c,3,1,1,3,0,1,0,0,1,2,4,0,1,2,3,0,1,2,0
92,0477a,1495a,2,1,1,1,2,1,0,0,2,2,1,0,3,2,1,0,3,2,0
93,0429a,1477b,2,0,1,3,2,3,0,4,2,1,1,1,1,0,2,0,1,1,0
94,1284b,1495a,1,1,1,3,0,2,0,1,2,2,1,0,3,2,1,0,3,2,0
95,1531a,0570a,2,0,1,0,2,3,0,3,2,2,1,0,3,0,2,1,3,2,0
96,0334a,1443c,2,0,1,0,2,3,0,0,2,0,1,1,1,2,1,1,2,1,0
97,0422a,0459b,1,1,1,0,2,1,0,0,2,2,0,1,0,2,3,1,3,2,0
98,0403c,1408b,1,0,0,0,2,2,0,3,2,1,1,0,1,0,3,0,2,1,0
99,1468a,1230b,1,1,1,2,2,2,0,0,2,1,1,0,3,2,2,1,3,2,0
100,1391b,1240a,3,4,1,0,2,2,1,4,2,1,0,1,3,2,2,3,1,2,0
101,0924b,0455c,1,0,1,3,0,2,1,0,1,3,1,1,3,3,1,3,1,2,0
102,1545a,0318b,0,1,1,0,2,2,1,2,2,1,2,1,0,0,2,0,0,2,0
103,1314a,0340b,1,1,1,1,2,1,0,4,2,1,4,1,1,2,1,0,3,2,0
104,0532b,0323c,2,1,1,3,0,2,0,1,1,1,0,1,1,0,1,0,0,1,0
105,0547a,0581c,2,2,0,1,2,2,0,1,2,2,4,2,3,2,2,1,2,2,0
106,1386a,0552a,1,1,1,0,2,2,0,3,2,2,1,1,0,2,2,1,2,1,0
107,0405a,1036c,3,0,1,0,2,3,1,2,1,1,4,1,0,0,2,2,0,2,0
108,1302a,1344b,2,1,1,3,2,2,0,0,2,3,4,1,3,2,2,0,2,2,0
109,1236a,1194b,3,0,1,3,2,2,0,3,2,2,4,0,1,2,2,0,1,2,0
110,0441b,0311c,2,2,1,0,0,2,3,2,2,0,0,1,0,0,2,2,1,1,0
111,0579a,0353b,1,0,1,3,2,2,0,1,2,2,1,1,1,2,1,1,2,1,0
112,0379c,1517c,2,1,1,2,2,2,0,3,2,3,0,1,0,2,2,1,4,2,0
113,1497a,0347a,0,4,1,0,2,2,1,3,2,2,4,1,3,0,3,1,4,1,0
114,1477b,0344c,1,1,1,1,0,2,0,1,1,1,1,0,2,2,2,1,0,2,0
115,1547a,1358c,2,4,1,1,2,1,0,2,2,3,4,1,1,2,3,1,1,2,0
116,0334c,0380b,1,4,1,3,0,2,0,0,2,1,3,2,3,3,2,0,2,2,0
117,1501c,0315a,0,1,1,0,0,2,1,2,1,2,4,0,2,2,3,0,3,2,0
118,1362c,1268a,3,0,1,0,2,2,0,2,2,2,1,1,0,0,2,0,4,2,0
119,0411a,1544a,3,1,1,0,2,1,1,4,2,3,4,1,0,2,2,3,4,2,0
120,0521a,0556a,2,1,1,1,2,1,3,0,2,2,1,1,1,0,2,0,4,1,0
121,0517b,0564c,3,0,1,3,0,1,0,3,2,0,1,1,1,1,1,0,3,2,0
122,0368b,1449c,3,0,1,3,0,2,1,2,2,1,1,1,0,0,3,2,2,1,0
123,1488a,1284b,1,1,1,0,2,3,0,0,2,1,1,1,3,0,2,0,1,2,0
124,1243a,1468b,1,0,1,3,2,2,1,3,2,3,1,1,2,2,2,1,3,2,0
125,1353b,0392b,2,1,0,2,2,1,0,2,2,1,2,1,0,2,2,2,0,1,0
126,0411c,0405c,2,1,1,3,2,1,0,4,2,1,0,1,1,2,2,1,2,1,0
127,0532b,0313b,2,1,1,3,0,2,0,1,1,2,1,0,2,2,2,0,0,2,0
128,0539a,0544a,2,4,1,3,2,2,1,2,2,0,1,1,0,2,2,0,1,1,0
129,1123b,1271a,0,2,1,0,2,2,1,1,2,1,1,1,2,0,1,1,4,1,0
130,0379c,1237c,2,1,1,2,2,2,0,3,2,2,1,0,2,2,2,0,1,2,0
131,0333c,1210a,3,2,1,1,2,1,1,1,2,0,1,1,0,0,2,2,2,1,0
132,1450c,0525a,3,0,1,1,2,1,1,3,2,1,2,1,3,2,1,1,1,1,0
133,1454b,0515a,2,1,1,3,2,2,1,0,2,1,1,1,3,2,2,2,2,1,0
134,0340a,1422a,3,0,1,0,2,3,1,2,2,3,4,0,3,0,2,1,3,2,0
135,1485a,1303b,3,4,1,0,2,2,2,2,2,3,1,0,2,2,2,0,3,2,0
136,1383c,1392a,1,1,1,1,0,2,2,2,1,2,4,1,1,0,2,3,2,1,0
137,0927a,0440a,1,0,1,0,0,2,0,2,1,2,0,0,2,2,2,0,4,2,0
138,1391a,1165c,3,4,1,3,2,3,0,3,2,3,0,2,4,0,2,3,2,2,0
139,1302a,0592b,2,1,1,3,2,2,0,0,2,1,2,1,1,2,2,0,2,2,0
140,1230a,1516a,0,1,1,0,2,2,0,3,2,2,0,1,0,2,2,1,1,2,0
141,1375a,0538b,1,0,1,1,2,2,0,3,2,1,1,1,3,2,1,2,1,2,0
142,1356b,0311a,2,4,0,2,2,2,0,4,2,1,2,1,1,2,1,3,3,2,0
143,1554a,1147c,2,1,1,2,2,1,0,1,2,0,4,1,1,2,2,0,4,2,0
144,1517a,1227b,2,1,1,1,2,2,0,2,2,3,1,1,3,2,1,0,4,2,0
145,1546a,1308c,1,1,0,3,2,1,1,2,1,0,1,2,4,2,2,0,3,2,0
146,1565b,1107c,2,1,1,3,0,2,0,2,2,0,2,1,3,2,2,1,0,2,0
147,1545a,0531a,0,1,1,0,2,2,1,2,2,2,2,1,1,2,2,0,3,2,0
148,1489a,1362a,1,1,1,3,2,2,0,0,2,3,1,1,3,2,2,0,0,2,0
149,1521c,1234b,0,1,1,2,2,2,1,0,2,3,0,1,1,2,3,0,4,2,0
150,1513a,0483b,2,0,1,3,2,3,0,3,2,1,1,1,0,0,3,1,2,1,0
151,1516a,0461a,2,0,1,0,2,2,1,1,2,3,1,1,3,0,2,0,0,2,0
152,1286a,0516b,1,2,1,3,2,1,1,3,2,0,1,0,2,2,2,0,1,2,0
153,0338c,1521b,0,1,1,3,2,2,1,2,1,3,1,1,3,0,2,3,3,2,0
154,0440c,0892c,3,4,1,0,2,1,0,4,2,3,2,0,2,2,2,1,0,2,0
155,1129b,0449c,3,1,1,0,2,2,1,4,1,1,0,1,3,2,3,0,0,2,0
156,1382b,1335c,2,1,1,0,0,2,0,0,2,2,1,1,3,2,2,2,1,1,0
157,0306b,1350a,2,1,0,2,2,2,0,2,2,3,1,1,0,2,3,1,2,1,0
158,0350a,0866c,3,2,1,0,1,2,1,3,2,3,0,1,0,0,2,2,2,1,0
159,0419a,0550c,0,1,1,1,2,2,0,1,2,2,0,1,1,2,2,0,4,2,0
160,0473c,0376b,1,1,1,3,2,3,2,4,1,1,2,0,2,0,1,1,1,1,0
161,1491a,1547c,3,1,1,0,2,2,1,3,2,2,0,1,3,2,3,0,0,2,0
162,1450a,0924b,3,1,1,3,2,2,2,1,1,1,0,1,3,0,2,1,0,1,0
163,1119a,1343a,1,1,1,0,0,2,0,1,2,2,0,1,0,2,1,0,0,2,0
164,1391b,0451c,3,4,1,0,2,2,1,4,2,1,0,1,1,2,2,0,2,1,0
165,1508a,1383b,2,4,1,0,2,2,3,4,2,3,2,1,3,0,2,1,2,1,0
166,1490b,1447b,1,0,1,3,2,1,0,2,2,1,4,1,0,2,2,2,1,1,0
167,1512b,1552b,2,0,1,0,2,2,0,0,2,2,1,1,3,2,1,1,1,1,0
168,1460a,1442c,2,1,1,1,0,2,0,0,2,1,1,1,0,0,2,0,2,1,0
169,1432c,0459b,2,2,1,0,2,2,0,2,2,2,0,1,0,2,3,1,3,2,0
170,1229c,0304a,2,1,0,0,2,2,1,2,2,2,1,1,1,2,0,1,2,2,0
171,0375a,0359b,3,0,1,3,2,2,0,4,2,3,2,1,0,2,2,3,0,2,0
172,0537a,1465c,3,1,1,3,2,2,2,1,2,1,2,0,2,2,2,0,2,2,0
173,0324b,0387b,0,1,1,3,0,2,1,1,1,2,2,0,1,0,1,0,2,1,0
174,1366a,1405b,3,1,1,0,2,1,1,1,2,1,1,1,0,0,2,1,1,1,0
175,0496e,0351b,2,1,0,1,2,3,0,2,2,1,1,1,1,3,2,1,3,2,0
176,0472c,1484b,2,1,1,1,2,2,3,2,2,1,1,1,0,2,1,1,2,1,0
177,1124c,1103a,3,1,1,0,2,0,1,2,2,3,2,0,1,0,1,1,2,1,0
178,1294b,1155b,1,1,1,0,2,0,0,3,2,1,1,1,3,0,1,1,2,1,0
179,1488a,0396b,1,1,1,0,2,3,0,0,2,2,1,0,1,2,2,1,3,2,0
180,0474b,0923c,2,1,1,3,2,3,3,3,2,1,1,1,2,2,3,0,4,2,0
181,1450a,0866c,3,1,1,3,2,2,2,1,1,3,0,1,0,0,2,2,2,1,0
182,0896a,1366c,3,1,1,1,2,3,0,3,2,0,1,1,0,2,2,1,1,1,0
183,0593a,1507b,3,1,1,0,2,2,3,0,2,1,0,1,1,2,2,3,0,2,0
184,1416a,0472a,1,1,1,3,2,1,0,4,2,3,1,1,3,2,3,0,0,2,0
185,0474b,0311a,2,1,1,3,2,3,3,3,2,1,2,1,1,2,1,3,3,2,0
186,0345a,1501c,0,1,1,0,0,2,0,2,2,0,1,1,0,0,2,1,2,1,0
187,0331a,1174b,3,1,0,0,2,2,3,2,2,2,0,1,3,3,2,1,4,2,0
188,1402b,0540a,1,2,1,3,0,2,1,3,2,3,3,1,1,2,3,0,3,2,0
189,1423a,0352c,3,1,1,1,2,2,2,1,1,3,4,1,1,2,3,1,3,2,0
190,0318c,0313c,3,2,1,3,2,2,0,4,2,0,1,1,3,2,2,1,1,1,0
191,1350a,0316a,3,1,1,0,2,3,1,2,1,2,1,2,3,2,3,1,2,2,0
192,1513b,1140c,2,0,1,3,2,3,0,2,2,2,4,1,2,2,1,0,1,2,0
193,1432a,0445a,2,4,1,0,2,1,0,1,2,2,2,1,0,0,2,0,3,2,0
194,1360b,0440c,2,0,1,0,2,2,0,2,2,3,4,1,0,2,1,0,4,2,0
195,1341a,1325b,0,2,1,0,2,2,0,2,2,0,1,1,1,2,2,1,2,1,0
196,0373c,0473c,3,0,1,3,2,3,1,4,2,1,1,1,3,2,3,2,4,1,0
197,1090c,0471b,0,0,1,3,2,2,0,1,2,0,0,1,0,1,2,0,2,2,0
198,1432a,0567b,2,4,1,0,2,1,0,1,2,1,2,1,0,2,2,1,2,1,0
199,1230a,0396b,0,1,1,0,2,2,0,3,2,2,1,0,1,2,2,1,3,2,0
200,1282b,0570c,2,2,1,3,2,2,0,2,2,3,4,1,1,2,2,0,1,2,0
201,0564a,0483b,2,1,1,0,2,3,3,2,1,1,1,1,0,0,3,1,2,1,0
202,0522b,1155a,2,1,0,2,2,2,0,4,2,1,1,0,2,2,1,1,0,2,0
203,1543b,1134b,2,1,1,2,2,2,1,0,2,3,4,1,1,2,2,0,2,2,0
204,1121a,0373b,2,1,1,3,2,2,0,1,2,2,1,1,1,2,1,0,0,1,0
205,1475a,0892a,1,1,0,0,2,2,1,2,2,1,0,1,1,2,3,0,0,2,0
206,0381b,0352c,3,1,1,0,2,3,0,4,2,3,4,1,1,2,3,1,3,2,0
207,0321a,1555b,2,1,1,3,2,1,1,2,1,2,2,1,1,2,3,0,3,2,0
208,1146a,1323a,0,4,1,0,2,2,1,0,2,2,0,1,1,2,3,2,3,2,0
209,1531a,0421b,2,0,1,0,2,3,0,3,2,2,0,1,1,0,2,0,0,2,0
210,0375a,0451c,3,0,1,3,2,2,0,4,2,1,0,1,1,2,2,0,2,1,0
211,1486b,1164b,2,0,1,0,2,3,1,4,2,2,1,1,2,1,2,1,1,2,0
212,0348a,1178a,3,0,1,0,2,1,0,4,2,3,4,1,3,0,2,0,3,2,0
213,0411b,0365a,1,2,1,1,2,2,0,1,2,0,2,1,0,2,2,0,1,2,0
214,0463b,0522c,0,0,0,3,2,3,0,3,2,3,1,2,4,0,2,0,3,2,0
215,0544a,1408c,0,1,1,0,2,2,0,1,1,0,1,1,0,0,2,0,2,1,0
216,0581c,1036c,2,4,2,3,2,2,1,2,2,1,4,1,0,0,2,2,0,2,0
217,0379b,0577b,3,1,1,0,2,2,0,3,2,2,1,0,3,2,2,1,2,2,0
218,0458a,0316b,2,1,1,0,2,2,1,0,2,2,1,1,3,2,2,2,4,2,0
219,1517c,1140c,3,0,1,0,2,2,1,4,2,2,4,1,2,2,1,0,1,2,0
220,0556a,1363a,2,1,1,1,0,2,0,4,1,0,0,1,1,2,3,2,3,2,0
221,0434b,1257a,1,4,1,0,2,2,0,0,2,2,1,1,2,2,1,0,3,2,0
222,1328a,1555b,3,1,1,2,2,3,0,0,2,2,2,1,1,2,3,0,3,2,0
223,1483a,1180b,2,1,1,3,2,3,0,3,2,1,1,1,0,2,2,1,1,1,0
224,1421a,0897c,1,0,1,0,2,2,3,3,2,2,4,1,3,2,3,1,3,2,0
225,1212a,0385a,2,1,1,0,0,2,2,2,1,0,0,1,2,2,3,3,0,2,0
226,1458a,1319a,0,1,1,3,2,2,1,1,2,2,0,1,0,2,2,3,4,2,0
227,0550a,1471c,3,4,1,3,2,2,0,0,2,1,1,1,0,0,1,1,1,2,0
228,1268a,1430a,2,1,1,0,0,2,0,4,2,2,1,1,0,2,3,3,3,2,0
229,1176b,0456a,1,4,1,1,2,2,0,2,2,2,1,0,2,2,2,0,3,2,0
230,1152b,1417a,2,1,1,1,2,3,0,3,2,1,1,0,0,2,3,1,3,2,0
231,0969a,1099c,2,2,1,1,2,2,1,2,1,2,4,0,2,2,2,0,3,2,0
232,1358a,0316a,2,1,1,1,1,2,0,4,2,2,1,2,3,2,3,1,2,2,0
233,0370a,0510b,3,0,1,0,1,3,1,1,2,0,1,1,3,0,3,3,3,1,0
234,0488b,0317b,2,0,0,0,2,1,0,0,2,0,4,0,0,0,2,2,3,2,0
235,1153a,0459b,0,1,1,1,2,2,0,0,2,2,0,1,0,2,3,1,3,2,0
236,0449c,1533a,1,0,1,3,2,3,0,0,2,3,3,0,3,2,2,0,3,2,0
237,1134a,1245c,2,0,1,3,2,2,1,0,2,1,0,1,3,2,2,1,4,2,0
238,1540c,1140b,1,2,1,0,2,2,1,0,1,0,0,1,3,0,1,1,2,1,0
239,1134a,1224c,2,0,1,3,2,2,1,0,2,1,0,1,1,2,1,1,2,2,0
240,1234a,0538b,3,4,1,3,2,2,0,3,2,1,1,1,3,2,1,2,1,2,0
241,1378a,1465c,3,4,1,3,2,3,0,0,2,1,2,0,2,2,2,0,2,2,0
242,1343a,1430b,2,0,1,0,2,1,0,0,2,1,1,1,1,1,2,0,3,2,0
243,1513b,0489b,2,0,1,3,2,3,0,2,2,1,0,1,0,2,3,3,4,2,0
244,1237a,1549c,2,1,0,1,2,2,0,1,2,0,2,1,3,2,2,1,4,2,0
245,1497a,1099a,0,4,1,0,2,2,1,3,2,2,1,1,3,0,2,2,3,2,0
246,0413a,1212a,1,1,1,1,2,3,0,1,1,2,1,1,0,0,2,2,2,1,0
247,1534c,1262a,3,1,1,0,2,1,0,3,2,2,4,1,3,2,3,0,4,2,0
248,1486a,0461a,1,0,1,0,2,2,0,1,2,3,1,1,3,0,2,0,0,2,0
249,1366a,0969c,3,1,1,0,2,1,1,1,2,3,4,1,3,2,2,2,3,2,0
250,0344c,1361a,1,1,0,2,2,2,1,0,2,1,4,1,0,0,2,3,3,2,0
251,1493a,0551c,2,1,1,0,1,2,0,3,2,3,2,1,0,0,2,0,2,2,0
252,1405b,1122a,1,1,1,0,0,2,1,1,1,2,1,1,3,0,1,0,2,1,0
253,1358a,0375b,2,1,1,1,1,2,0,4,2,1,3,0,1,0,2,0,2,1,0
254,0318c,0530a,3,2,1,3,2,2,0,4,2,2,4,1,0,2,3,3,4,2,0
255,0318c,0357b,3,2,1,3,2,2,0,4,2,2,1,0,0,0,2,2,3,2,0
256,1323c,0469a,1,0,1,1,2,2,3,0,1,2,3,1,1,2,2,3,4,2,0
257,0319a,1282c,2,4,1,0,2,3,1,2,2,1,1,2,3,2,2,1,2,2,0
258,1393a,0485b,2,4,1,0,2,2,0,4,2,2,1,1,0,1,1,0,2,2,0
259,0421b,1485c,2,0,1,1,0,2,0,0,2,3,4,1,3,2,3,1,3,2,0
260,1432a,1282c,2,4,1,0,2,1,0,1,2,1,1,2,3,2,2,1,2,2,0
261,1444a,1146b,0,1,1,0,2,3,0,3,2,2,0,1,3,2,1,1,1,2,0
262,0585b,1165c,3,1,2,3,2,3,1,4,2,3,0,2,4,0,2,3,2,2,0
263,1350a,1361a,3,1,1,0,2,3,1,2,1,1,4,1,0,0,2,3,3,2,0
264,1243a,0354b,1,0,1,3,2,2,1,3,2,3,1,1,0,2,3,1,4,2,0
265,1429b,1504b,2,1,1,0,0,2,0,1,1,3,1,1,3,1,2,0,4,2,0
266,1491a,0562a,3,1,1,0,2,2,1,3,2,0,1,1,3,2,2,1,4,2,0
267,1178a,0555a,3,4,1,3,0,2,0,3,2,1,4,0,2,0,2,3,4,1,0
268,1361a,1422a,1,4,1,0,0,2,3,3,2,3,4,0,3,0,2,1,3,2,0
269,1366c,0916a,0,1,1,0,2,2,1,1,1,1,1,1,0,0,2,2,1,1,0
270,0473a,1181b,1,2,1,0,0,2,1,1,2,2,1,0,2,2,1,1,0,2,0
271,1538c,1311c,0,2,1,0,2,1,1,0,2,1,1,0,1,0,1,1,2,1,0
272,1245c,0333a,1,0,1,3,2,2,1,4,2,2,1,1,3,2,1,2,0,1,0
273,0431c,0323c,2,0,1,0,2,2,2,3,2,1,0,1,1,0,1,0,0,1,0
274,0349b,0373a,0,1,1,3,2,2,3,1,2,3,0,1,0,0,2,0,2,2,0
275,0355a,1501c,3,2,1,3,2,3,0,3,2,0,1,1,0,0,2,1,2,1,0
276,1367b,0413b,1,1,0,1,2,1,0,3,2,1,1,1,3,0,1,2,2,1,0
277,1171b,1538b,2,4,1,3,2,1,1,3,2,2,2,1,3,0,2,0,1,1,0
278,1252a,1219b,3,1,1,3,2,3,0,3,2,2,0,1,0,2,1,0,3,2,0
279,1477a,1511c,3,0,1,3,2,1,1,0,2,1,1,0,1,0,3,1,0,1,0
280,0496c,1567b,3,4,1,3,2,2,0,1,2,3,1,0,2,2,2,0,0,2,0
281,1234c,0304a,2,1,0,2,2,3,0,2,2,2,1,1,1,2,0,1,2,2,0
282,1508b,1240c,1,1,1,0,2,1,1,0,1,2,1,0,0,2,3,1,1,2,0
283,0337b,0387b,3,4,1,3,2,2,3,4,2,2,2,0,1,0,1,0,2,1,0
284,1483a,1176b,2,1,1,3,2,3,0,3,2,1,4,1,1,2,2,0,2,2,0
285,1497c,0594b,2,0,1,3,2,2,3,4,2,0,0,0,3,2,0,0,3,2,0
286,1518a,1237a,2,2,1,3,2,2,0,1,2,2,1,0,1,2,2,0,1,2,0
287,0538a,1303b,2,1,0,3,2,2,1,4,2,3,1,0,2,2,2,0,3,2,0
288,0488c,1181b,1,4,0,1,2,2,0,4,2,2,1,0,2,2,1,1,0,2,0
289,0552a,1492b,2,1,1,0,2,2,1,2,1,2,2,1,0,2,2,0,0,2,0
290,1173c,1483c,1,2,1,3,0,2,0,2,2,1,1,1,1,0,1,0,1,1,0
291,0535a,0469c,2,4,1,1,2,2,2,1,1,2,0,1,1,0,2,3,0,1,0
292,1330a,1508a,3,2,1,3,2,2,0,0,2,2,4,1,0,2,2,3,4,2,0
293,1424a,1551b,3,4,1,0,2,2,1,2,2,1,1,1,0,2,1,1,1,1,0
294,1108b,0594b,2,2,0,2,2,1,0,0,2,0,0,0,3,2,0,0,3,2,0
295,1307a,0459b,1,1,1,3,2,2,0,1,1,2,0,1,0,2,3,1,3,2,0
296,1131a,0577c,1,1,1,1,2,1,0,0,2,1,1,1,1,2,3,0,0,2,0
297,1120a,1127c,2,1,1,3,2,2,0,2,2,2,4,1,0,2,2,0,2,2,0
298,1413a,1426c,2,1,1,1,2,3,0,1,2,1,0,1,0,2,3,1,2,2,0
299,1502b,1365a,3,4,1,3,2,2,0,4,2,3,4,1,3,2,1,0,3,2,0
300,1120a,0365a,2,1,1,3,2,2,0,2,2,0,2,1,0,2,2,0,1,2,0
301,1155b,1108b,1,1,1,3,0,1,1,2,1,2,2,0,2,2,1,0,0,2,0
302,0562c,1090a,3,0,1,3,2,1,0,2,2,2,0,1,1,2,1,0,1,1,0
303,0379b,1426b,3,1,1,0,2,2,0,3,2,2,1,1,0,2,1,0,4,2,0
304,0456b,1272a,0,1,1,1,2,2,0,1,1,1,1,1,2,2,1,2,0,1,0
305,1471c,1421b,1,1,1,0,0,1,1,1,2,3,1,1,3,2,2,2,2,1,0
306,0350b,1365a,2,1,1,3,2,1,1,4,2,3,4,1,3,2,1,0,3,2,0
307,1482a,0327a,2,4,1,3,2,2,3,1,2,3,1,1,1,2,0,0,4,2,0
308,0564a,1125b,2,1,1,0,2,3,3,2,1,1,1,2,4,3,2,1,2,1,0
309,0458a,1236c,2,1,1,0,2,2,1,0,2,1,1,1,1,2,3,0,1,2,0
310,0337c,0354a,3,4,1,1,2,1,1,3,2,2,1,1,4,2,1,0,4,2,0
311,1237a,0348b,2,1,0,1,2,2,0,1,2,1,1,1,1,0,1,0,2,1,0
312,0496e,0535b,2,1,0,1,2,3,0,2,2,0,0,1,2,2,2,1,4,2,0
313,1220b,0466c,0,1,1,1,2,3,1,2,1,3,1,1,2,2,1,2,0,1,0
314,1260a,1230b,0,1,1,1,2,2,0,4,2,1,1,0,3,2,2,1,3,2,0
315,0546c,0460c,2,0,1,3,2,1,3,1,2,2,4,2,1,2,2,2,1,2,0
316,0457a,0916a,2,3,1,3,2,2,0,1,2,1,1,1,0,0,2,2,1,1,0
317,0950a,0463a,2,1,1,3,0,2,2,2,1,1,1,1,0,0,3,3,4,2,0
318,0535b,0302c,0,0,1,2,2,2,1,4,2,3,1,0,2,2,3,0,3,2,0
319,1090c,1325c,0,0,1,3,2,2,0,1,2,1,4,1,3,2,3,1,2,2,0
320,0557c,1506a,1,1,1,0,2,1,0,2,1,2,1,0,3,0,2,1,0,2,0
321,0322b,0375b,1,1,1,3,1,2,0,1,2,1,3,0,1,0,2,0,2,1,0
322,1352b,1549c,2,1,1,3,2,2,2,1,2,0,2,1,3,2,2,1,4,2,0
323,0435b,1350c,2,1,0,2,2,2,1,0,2,1,4,1,3,0,1,2,1,1,0
324,0553b,1513c,2,1,1,0,0,2,1,1,1,1,1,1,0,1,2,1,1,2,0
325,1302a,1429b,2,1,1,3,2,2,0,0,2,2,1,1,0,0,2,0,1,1,0
326,0414a,0307c,3,2,1,0,2,2,0,2,2,1,1,1,1,2,2,2,3,2,0
327,1362a,0334a,3,1,1,3,2,2,0,0,2,2,0,1,0,2,3,0,0,2,0
328,1284a,1547a,2,1,1,0,2,2,1,4,2,2,4,1,1,2,1,0,2,2,0
329,1221c,0581c,2,1,1,0,2,0,0,3,2,2,4,2,3,2,2,1,2,2,0
330,0532b,1405b,2,1,1,3,0,2,0,1,1,1,1,1,0,0,2,1,1,1,0
331,1426c,1253b,1,0,1,0,2,3,1,2,2,0,1,1,1,2,1,1,1,1,0
332,1230b,0385c,1,1,0,3,2,2,1,3,2,2,2,1,0,1,2,2,1,2,0
333,0553b,0507b,2,1,1,0,0,2,1,1,1,0,1,1,3,2,1,1,4,2,0
334,1255a,0319b,1,1,1,0,2,2,1,0,1,1,1,1,1,2,3,0,2,1,0
335,0557c,1178a,1,1,1,0,2,1,0,2,1,3,4,1,3,0,2,0,3,2,0
336,1255c,1262a,2,1,1,0,1,2,0,2,2,2,4,1,3,2,3,0,4,2,0
337,1497c,1099c,2,0,1,3,2,2,3,4,2,2,4,0,2,2,2,0,3,2,0
338,1307a,1391b,1,1,1,3,2,2,0,1,1,3,4,1,0,2,2,1,4,2,0
339,0390a,1271c,0,0,1,0,1,2,1,2,2,0,1,2,4,2,2,2,2,2,0
340,1296c,1488b,1,1,1,3,0,2,1,0,2,2,2,1,0,0,2,1,1,1,0
341,0328b,1429a,0,2,1,1,2,3,0,3,2,1,2,1,2,2,2,1,0,1,0
342,1352b,1493a,2,1,1,3,2,2,2,1,2,2,1,1,0,1,2,0,3,2,0
343,0333b,1178a,2,1,1,0,2,3,1,1,2,3,4,1,3,0,2,0,3,2,0
344,1149c,1240b,1,1,1,3,2,1,3,3,2,1,1,1,1,0,1,0,3,2,0
345,1546a,0597a,1,1,0,3,2,1,1,2,1,3,4,2,0,2,3,3,1,1,0
346,1534b,0539b,1,1,1,3,2,2,1,1,2,3,1,1,0,0,2,0,2,2,0
347,0531a,1549c,2,2,1,1,2,2,0,3,2,0,2,1,3,2,2,1,4,2,0
348,0535b,1152a,0,0,1,2,2,2,1,4,2,3,4,0,2,2,1,0,2,2,0
349,1521b,0328a,3,1,1,3,0,2,3,3,2,3,1,0,2,2,3,0,2,2,0
350,1282c,0488c,1,1,2,3,2,2,1,2,2,1,4,0,1,2,2,0,4,2,0
351,1334a,1365b,3,1,1,0,2,3,0,2,2,0,4,1,3,2,2,1,0,2,0
352,1119a,0456a,1,1,1,0,0,2,0,1,2,2,1,0,2,2,2,0,3,2,0
353,1119a,0507c,1,1,1,0,0,2,0,1,2,3,4,1,1,2,1,0,1,2,0
354,0550c,1253b,2,0,1,1,2,2,0,4,2,0,1,1,1,2,1,1,1,1,0
355,0457c,0324b,0,2,1,0,0,2,0,3,2,0,1,1,3,0,2,1,1,1,0
356,0381b,1294b,3,1,1,0,2,3,0,4,2,1,1,1,0,2,0,0,3,2,0
357,0584a,1471c,1,1,1,1,2,2,0,0,2,1,1,1,0,0,1,1,1,2,0
358,1508c,0311c,1,4,1,1,0,2,0,0,2,0,0,1,0,0,2,2,1,1,0
359,0577b,1521c,2,1,0,3,2,2,1,2,2,0,1,1,2,2,2,1,0,2,0
360,1234a,1448b,3,4,1,3,2,2,0,3,2,1,2,1,3,2,2,1,1,2,0
361,0319a,1477c,2,4,1,0,2,3,1,2,2,3,1,1,2,2,2,1,0,1,0
362,1237c,0327c,2,1,0,2,2,2,0,1,2,1,1,1,1,2,1,1,2,1,0
363,0429b,1552c,1,1,1,3,2,3,1,4,2,3,1,1,1,2,1,1,3,2,0
364,1430a,0385a,2,1,1,0,2,3,3,3,2,0,0,1,2,2,3,3,0,2,0
365,1350a,0390a,3,1,1,0,2,3,1,2,1,0,0,1,0,1,2,1,2,2,0
366,0429a,0525b,2,0,1,3,2,3,0,4,2,2,3,0,0,2,2,0,3,2,0
367,0873a,0347a,2,2,0,2,2,2,3,0,2,2,4,1,3,0,3,1,4,1,0
368,1335b,1374a,2,2,1,0,2,2,3,2,2,3,2,0,2,2,3,0,4,2,0
369,1181c,0431b,2,2,1,0,0,3,0,4,2,3,0,2,1,2,3,0,2,2,0
370,0402b,0405a,3,4,1,3,2,2,1,2,2,3,0,1,0,2,3,1,2,1,0
371,1447a,1286b,2,1,1,3,2,1,1,0,2,3,4,1,0,2,3,0,4,2,0
372,1538a,0547c,1,1,1,3,2,3,1,2,1,1,2,1,3,2,1,2,1,1,0
373,0353c,1181b,1,2,1,1,2,3,0,1,2,2,1,0,2,2,1,1,0,2,0
374,0424a,0477a,1,2,1,3,2,2,0,1,2,2,1,1,1,2,1,0,0,2,0
375,0496a,0413b,3,4,1,0,2,3,1,2,2,1,1,1,3,0,1,2,2,1,0
376,1487a,0403c,2,1,1,3,2,3,0,2,2,1,0,0,0,2,2,0,3,2,0
377,0333b,1254b,2,1,1,0,2,3,1,1,2,2,1,0,2,2,2,1,3,2,0
378,1370a,1486b,2,1,1,3,0,2,0,1,2,2,0,1,0,2,3,1,4,2,0
379,0569c,1267c,1,1,1,0,2,2,3,3,2,1,0,1,0,2,2,0,1,1,0
380,1123c,0337b,3,4,1,3,2,2,1,4,2,3,4,1,3,2,2,3,4,2,0
381,0535c,1383b,1,2,1,3,2,1,3,3,2,3,2,1,3,0,2,1,2,1,0
382,1323c,0357b,1,0,1,1,2,2,3,0,1,2,1,0,0,0,2,2,3,2,0
383,1416a,1495c,1,1,1,3,2,1,0,4,2,1,1,1,0,0,2,1,2,1,0
384,0581c,0317b,2,4,2,3,2,2,1,2,2,0,4,0,0,0,2,2,3,2,0
385,0351c,1508a,1,0,1,0,2,2,1,2,2,2,4,1,0,2,2,3,4,2,0
386,0584a,0496f,1,1,1,1,2,2,0,0,2,2,4,1,0,2,2,1,2,2,0
387,1362c,0458b,3,0,1,0,2,2,0,2,2,3,2,1,3,2,2,1,3,2,0
388,1518a,1343a,2,2,1,3,2,2,0,1,2,2,0,1,0,2,1,0,0,2,0
389,1431c,0866c,3,1,1,3,2,3,1,4,2,3,0,1,0,0,2,2,2,1,0
390,1426c,0469b,1,0,1,0,2,3,1,2,2,3,2,1,2,0,2,1,1,1,0
391,0351b,0583c,1,1,1,1,3,2,1,3,2,3,1,0,2,2,2,2,3,2,0
392,0368b,0302a,3,0,1,3,0,2,1,2,2,2,0,1,1,0,2,1,1,1,0
393,0483b,1496c,1,1,1,0,0,3,1,2,1,2,1,1,1,0,2,2,2,1,0
394,1227b,0413a,3,1,1,3,2,1,0,4,2,1,1,1,1,2,3,0,1,1,0
395,1507b,0911b,1,0,1,1,2,2,3,0,2,1,3,1,1,2,2,2,1,1,0
396,1267b,1194b,2,2,1,2,2,2,0,1,2,2,4,0,1,2,2,0,1,2,0
397,1252a,0373b,3,1,1,3,2,3,0,3,2,2,1,1,1,2,1,0,0,1,0
398,0507a,0471c,1,1,1,3,0,2,1,2,1,0,0,1,3,2,1,1,2,1,0
399,1455a,1341a,3,1,1,0,2,2,1,2,2,0,2,1,0,2,2,0,2,2,0
400,1364b,0491c,3,1,1,3,2,2,1,1,2,2,2,1,0,2,2,0,4,2,0
401,1562b,1444b,1,2,1,0,0,2,0,2,2,1,0,1,1,2,2,0,0,1,0
402,1335b,1484c,2,2,1,0,2,2,3,2,2,1,1,1,0,0,1,2,2,1,0
403,0411c,1444a,2,1,1,3,2,1,0,4,2,0,1,1,0,2,3,0,3,2,0
404,1303c,0517c,3,4,1,0,2,2,0,4,2,1,1,1,3,0,2,3,2,1,0
405,0544b,0550a,2,1,1,3,2,3,0,0,2,3,4,1,3,2,2,0,0,2,0
406,0496f,0414b,2,4,1,0,2,2,1,2,2,1,1,1,0,2,1,1,1,2,0
407,0491a,1356b,2,1,1,1,2,1,0,2,1,2,4,0,2,2,2,0,4,2,0
408,1365b,1363c,0,4,1,3,2,2,1,0,2,0,1,0,1,0,2,0,1,1,0
409,0404c,0549c,0,2,1,3,2,2,0,4,2,3,1,1,3,3,3,3,4,2,0
410,1365c,1204a,2,2,1,1,2,2,1,2,2,0,0,1,0,2,2,1,0,2,0
411,0544c,0302b,1,4,1,3,2,2,2,0,1,2,2,2,4,3,3,3,4,2,0
412,0472c,1171a,2,1,1,1,2,2,3,2,2,1,2,1,3,2,3,0,0,2,0
413,1302a,1518a,2,1,1,3,2,2,0,0,2,2,2,1,3,2,2,0,1,2,0
414,0475a,1416c,0,1,1,2,2,2,1,4,2,1,4,1,3,2,3,1,4,2,0
415,0413a,0351b,1,1,1,1,2,3,0,1,1,1,1,1,1,3,2,1,3,2,0
416,0560c,1219b,1,1,1,0,2,1,1,0,2,2,0,1,0,2,1,0,3,2,0
417,0440a,0347b,2,0,0,2,2,2,0,4,2,1,1,0,0,0,2,2,0,1,0
418,0547c,0416a,1,2,1,3,2,1,2,1,1,1,1,2,4,3,2,1,1,1,0
419,1485a,0569a,3,4,1,0,2,2,2,2,2,1,1,0,2,2,3,0,3,2,0
420,1253c,1394b,2,0,0,2,2,2,0,0,2,3,1,0,1,2,1,1,3,2,0
421,1417b,0324a,3,4,1,0,2,3,0,3,2,0,2,1,0,1,2,1,3,2,0
422,0565a,1510a,2,1,1,3,2,2,1,1,2,1,1,1,0,2,1,0,3,2,0
423,1147c,1511b,0,4,1,1,2,2,0,4,2,0,1,0,2,2,2,0,2,2,0
424,1253a,1394b,3,0,1,0,2,2,3,2,2,3,1,0,1,2,1,1,3,2,0
425,1219b,0924b,2,0,1,0,2,1,0,3,2,1,0,1,3,0,2,1,0,1,0
426,1352b,1171b,2,1,1,3,2,2,2,1,2,2,4,1,3,2,1,1,3,2,0
427,0552a,1119a,2,1,1,0,2,2,1,2,1,1,1,1,0,0,2,0,1,2,0
428,0337c,0405b,3,4,1,1,2,1,1,3,2,1,0,1,4,0,2,0,1,2,0
429,1307a,0489c,1,1,1,3,2,2,0,1,1,1,1,1,1,2,2,1,2,1,0
430,1180c,0569b,2,4,1,0,2,3,0,3,2,0,0,1,2,2,1,1,1,2,0
431,0550b,1411c,3,0,1,0,2,2,0,4,2,0,1,1,3,2,3,0,2,2,0
432,0571c,1123a,1,0,1,1,0,1,0,1,1,2,1,2,1,0,1,1,2,1,0
433,0421b,0516a,2,0,1,1,0,2,0,0,2,2,0,1,0,0,3,0,3,2,0
434,0507a,1477c,1,1,1,3,0,2,1,2,1,3,1,1,2,2,2,1,0,1,0
435,1511b,1197b,0,1,0,2,2,2,0,2,2,0,0,1,4,2,3,0,4,2,0
436,1468b,0327b,3,1,1,2,2,2,1,3,2,0,1,1,1,1,2,0,3,2,0
437,1489a,1424a,1,1,1,3,2,2,0,0,2,3,4,1,0,2,2,1,2,2,0
438,1039c,1496c,2,4,1,0,2,2,3,1,2,2,1,1,1,0,2,2,2,1,0
439,0472a,1303a,3,1,1,3,2,3,0,0,2,3,4,1,0,0,2,0,4,2,0
440,0405a,1383b,3,0,1,0,2,3,1,2,1,3,2,1,3,0,2,1,2,1,0
441,0576b,0516a,1,1,1,3,0,2,3,0,2,2,0,1,0,0,3,0,3,2,0
442,1444a,1477b,0,1,1,0,2,3,0,3,2,1,1,1,1,0,2,0,1,1,0
443,0580b,0564b,1,1,0,2,2,2,3,3,2,2,2,1,2,0,2,1,1,1,0
444,1180a,1240a,2,1,1,2,2,2,1,1,2,1,0,1,3,2,2,3,1,2,0
445,0314b,1328c,0,0,1,0,2,2,0,2,2,1,1,1,3,2,2,2,1,1,0
446,0562a,0429b,0,1,1,3,2,2,1,4,2,1,1,1,3,2,3,1,4,2,0
447,0520a,0540c,2,4,1,0,2,1,3,3,2,2,1,0,4,0,2,0,3,2,0
448,1451b,0439a,3,1,1,3,2,3,3,3,2,3,1,2,4,2,2,3,2,2,0
449,0445c,1125b,2,4,1,3,0,2,0,4,2,1,1,2,4,3,2,1,2,1,0
450,1562b,1234c,1,2,1,0,0,2,0,2,2,2,1,0,2,2,3,0,2,2,0
451,0473a,0466c,1,2,1,0,0,2,1,1,2,3,1,1,2,2,1,2,0,1,0
452,1108b,0375c,2,2,0,2,2,1,0,0,2,2,4,1,4,2,2,2,1,1,0
453,1366c,0429a,0,1,1,0,2,2,1,1,1,2,0,1,3,2,3,0,4,2,0
454,1193a,1367c,1,4,1,3,2,3,1,1,2,1,1,1,3,2,0,0,3,2,0
455,0363c,1405c,1,1,1,0,2,2,3,0,2,2,3,1,0,2,2,0,1,2,0
456,0396c,1416c,3,1,1,0,2,2,3,2,2,1,4,1,3,2,3,1,4,2,0
457,1226c,0549b,2,0,0,0,0,2,0,0,2,0,1,0,2,2,3,3,4,2,0
458,1155a,0416a,1,1,0,2,2,1,1,0,2,1,1,2,4,3,2,1,1,1,0
459,0353c,1164a,1,2,1,1,2,3,0,1,2,2,1,0,2,2,1,1,1,2,0
460,0379c,1164c,2,1,1,2,2,2,0,3,2,3,1,1,3,2,3,0,2,2,0
461,1480c,1272a,0,0,1,1,2,2,1,2,2,1,1,1,2,2,1,2,0,1,0
462,1451c,1480c,0,0,1,0,2,2,0,0,2,0,0,1,1,2,2,1,2,2,0
463,1336a,0563a,0,1,1,2,2,2,0,0,2,1,1,1,1,0,2,0,2,1,0
464,1350a,1381a,3,1,1,0,2,3,1,2,1,1,4,0,1,2,2,0,1,2,0
465,1442a,0431c,3,2,1,0,2,2,0,1,2,2,0,1,0,2,2,2,3,2,0
466,0435b,1039a,2,1,0,2,2,2,1,0,2,3,1,0,0,0,3,1,0,2,0
467,1501c,0337b,0,1,1,0,0,2,1,2,1,3,4,1,3,2,2,3,4,2,0
468,1432c,1471c,2,2,1,0,2,2,0,2,2,1,1,1,0,0,1,1,1,2,0
469,1426b,1328a,2,1,1,0,2,1,0,4,2,3,1,1,2,2,3,0,0,2,0
470,0405a,1155c,3,0,1,0,2,3,1,2,1,1,0,1,0,2,0,0,3,2,0
471,1483c,0450b,1,1,1,1,0,1,0,1,1,1,2,0,1,0,2,0,2,1,0
472,1229c,1165b,2,1,0,0,2,2,1,2,2,0,1,1,2,2,2,1,2,2,0
473,1513a,0459b,2,0,1,3,2,3,0,3,2,2,0,1,0,2,3,1,3,2,0
474,1127a,0550c,1,1,1,3,2,2,1,3,2,2,0,1,1,2,2,0,4,2,0
475,0563a,1377b,1,1,1,1,0,2,0,2,1,0,1,1,0,1,2,1,0,2,0
476,1451c,0421b,0,0,1,0,2,2,0,0,2,2,0,1,1,0,2,0,0,2,0
477,0550b,0349b,3,0,1,0,2,2,0,4,2,0,1,1,3,2,2,3,1,2,0
478,1508b,0450b,1,1,1,0,2,1,1,0,1,1,2,0,1,0,2,0,2,1,0
479,1149c,0518c,1,1,1,3,2,1,3,3,2,3,4,1,1,2,3,0,4,2,0
480,0313b,0448b,2,1,0,2,2,2,0,0,2,2,2,1,0,0,2,3,2,1,0
481,1173c,1208b,1,2,1,3,0,2,0,2,2,1,0,1,0,2,1,0,1,1,0
482,0335a,1508b,1,1,1,2,2,2,1,0,2,1,1,1,0,2,1,1,0,1,0
483,1447c,1204b,1,1,0,1,2,2,2,2,2,2,1,1,3,1,3,0,4,2,0
484,1330a,1336a,3,2,1,3,2,2,0,0,2,0,1,1,2,2,2,0,0,2,0
485,0472c,0337c,2,1,1,1,2,2,3,2,2,3,4,1,1,2,1,1,3,2,0
486,1171a,0405b,1,2,1,3,2,3,0,0,2,1,0,1,4,0,2,0,1,2,0
487,1344a,1352b,1,1,1,0,2,3,0,3,2,2,1,1,3,2,2,2,1,2,0
488,1271b,1091a,3,4,2,2,0,2,1,3,2,3,1,2,4,2,2,3,4,2,0
489,1416c,0336c,1,4,1,3,2,3,1,4,2,3,2,1,2,2,2,0,1,1,0
490,1424a,0404c,3,4,1,0,2,2,1,2,2,0,2,1,3,2,2,0,4,2,0
491,1273a,0516b,1,2,1,0,0,2,1,0,2,0,1,0,2,2,2,0,1,2,0
492,1486b,1348c,2,0,1,0,2,3,1,4,2,1,3,1,1,2,2,2,0,1,0
493,0950b,1360c,1,0,1,3,0,1,0,3,2,0,1,1,2,1,2,1,1,1,0
494,1120a,0335a,2,1,1,3,2,2,0,2,2,1,1,1,2,2,2,1,0,2,0
495,0321c,0411b,2,1,1,2,2,2,0,2,2,1,2,1,1,2,2,0,1,2,0
496,0375a,1547b,3,0,1,3,2,2,0,4,2,2,0,1,1,2,1,0,2,2,0
497,1423a,0866c,3,1,1,1,2,2,2,1,1,3,0,1,0,0,2,2,2,1,0
498,0335a,0403c,1,1,1,2,2,2,1,0,2,1,0,0,0,2,2,0,3,2,0
499,1426b,1224c,2,1,1,0,2,1,0,4,2,1,0,1,1,2,1,1,2,2,0
500,0366a,1153a,2,4,1,3,2,2,0,3,2,0,1,1,1,2,2,0,0,2,0
501,1409b,1282c,1,1,1,3,2,3,3,1,2,1,1,2,3,2,2,1,2,2,0
502,1450b,0969b,2,2,1,3,2,3,0,3,2,2,0,1,1,2,1,1,2,1,0
503,0374c,0456b,2,1,1,3,2,2,3,0,2,0,1,1,1,2,2,0,1,1,0
504,0924b,0324a,1,0,1,3,0,2,1,0,1,0,2,1,0,1,2,1,3,2,0
505,0885c,1181c,2,1,1,0,1,3,0,0,2,2,2,1,0,0,3,0,4,2,0
506,0923a,1360c,2,1,1,1,1,2,0,2,2,0,1,1,2,1,2,1,1,1,0
507,0576c,1549c,2,4,1,1,2,2,0,2,2,0,2,1,3,2,2,1,4,2,0
508,0537a,1178c,3,1,1,3,2,2,2,1,2,2,4,1,3,0,2,1,0,2,0
509,0450c,0370a,1,1,0,0,0,1,0,1,1,3,0,1,0,1,3,1,1,2,0
510,0536b,1477c,1,0,1,2,2,2,0,3,2,3,1,1,2,2,2,1,0,1,0
511,1176b,1236b,1,4,1,1,2,2,0,2,2,3,4,1,0,2,2,1,0,2,0
512,0396b,0496a,2,1,0,1,2,2,1,3,2,3,4,1,0,2,3,1,2,2,0
513,1498a,1513b,0,1,1,1,2,2,1,2,2,2,0,1,3,2,3,0,2,2,0
514,0315a,1091a,2,4,0,2,2,3,0,3,2,3,1,2,4,2,2,3,4,2,0
515,1137a,1426b,1,1,1,0,2,1,0,1,2,2,1,1,0,2,1,0,4,2,0
516,1444a,0330a,0,1,1,0,2,3,0,3,2,1,0,1,1,2,2,2,1,1,0
517,0381b,0555b,3,1,1,0,2,3,0,4,2,1,1,1,0,1,2,0,2,2,0
518,0551c,0387b,3,2,1,0,0,2,0,2,2,2,2,0,1,0,1,0,2,1,0
519,1424a,0314b,3,4,1,0,2,2,1,2,2,0,0,1,0,2,2,0,2,2,0
520,0562c,0576b,3,0,1,3,2,1,0,2,2,1,1,1,3,0,2,3,0,2,0
521,0592b,1485c,1,2,1,1,2,2,0,2,2,3,4,1,3,2,3,1,3,2,0
522,1373a,1064c,3,4,1,3,2,2,2,1,2,1,4,1,1,0,2,2,1,1,0
523,1494a,1240b,1,0,1,1,2,2,0,1,2,1,1,1,1,0,1,0,3,2,0
524,0404c,1099c,0,2,1,3,2,2,0,4,2,2,4,0,2,2,2,0,3,2,0
525,1510b,1303c,1,1,1,0,2,2,1,0,2,3,4,1,0,2,2,0,4,2,0
526,1036c,0469b,1,4,1,0,0,2,2,0,2,3,2,1,2,0,2,1,1,1,0
527,0372a,0327a,1,1,1,3,2,1,0,1,1,3,1,1,1,2,0,0,4,2,0
528,1237c,1450c,2,1,0,2,2,2,0,1,2,3,0,1,1,2,1,1,3,2,0
529,0353a,1367c,2,1,1,3,1,2,0,2,2,1,1,1,3,2,0,0,3,2,0
530,0366a,0319b,2,4,1,3,2,2,0,3,2,1,1,1,1,2,3,0,2,1,0
531,1534b,1201b,1,1,1,3,2,2,1,1,2,2,0,1,0,2,3,0,4,2,0
532,1500a,1406a,3,4,1,4,2,3,1,3,2,1,2,2,4,2,2,0,2,2,0
533,1259a,0350a,1,4,0,0,2,3,1,3,2,3,2,1,0,1,2,1,3,2,0
534,0318b,1174b,1,2,1,0,0,2,0,0,2,2,0,1,3,3,2,1,4,2,0
535,0344c,0916a,1,1,0,2,2,2,1,0,2,1,1,1,0,0,2,2,1,1,0
536,1371c,0594b,2,1,1,0,2,3,2,3,2,0,0,0,3,2,0,0,3,2,0
537,0562c,1039a,3,0,1,3,2,1,0,2,2,3,1,0,0,0,3,1,0,2,0
538,0451a,1441b,2,1,1,0,2,1,0,0,2,2,0,1,0,0,2,0,2,2,0
539,1375a,1341b,1,0,1,1,2,2,0,3,2,2,4,1,0,2,3,0,2,2,0
540,1341a,0373c,0,2,1,0,2,2,0,2,2,3,0,1,3,2,3,1,4,2,0
541,0440c,1340c,3,4,1,0,2,1,0,4,2,1,0,0,0,2,1,1,2,2,0
542,1350a,1447b,3,1,1,0,2,3,1,2,1,1,4,1,0,2,2,2,1,1,0
543,1534a,0451c,2,1,1,1,2,3,1,3,2,1,0,1,1,2,2,0,2,1,0
544,0366a,0350b,2,4,1,3,2,2,0,3,2,2,1,1,3,2,1,1,4,2,0
545,1344a,0411c,1,1,1,0,2,3,0,3,2,2,1,1,3,2,1,0,4,2,0
546,0334c,0365c,1,4,1,3,0,2,0,0,2,0,4,0,3,0,1,1,2,1,0
547,0411a,1255c,3,1,1,0,2,1,1,4,2,2,1,1,0,1,2,0,2,2,0
548,1224c,0580b,1,0,1,1,2,1,1,2,2,1,1,0,2,2,2,3,3,2,0
549,1307a,1231b,1,1,1,3,2,2,0,1,1,0,0,1,0,2,2,0,1,2,0
550,1208a,1485c,0,4,1,0,0,2,0,2,2,3,4,1,3,2,3,1,3,2,0
551,0474b,0324c,2,1,1,3,2,3,3,3,2,1,1,0,4,2,2,0,3,2,0
552,1254c,1362c,1,1,1,0,2,2,1,1,2,3,0,1,0,2,2,0,2,2,0
553,0550b,1164a,3,0,1,0,2,2,0,4,2,2,1,0,2,2,1,1,1,2,0
554,1517a,0402b,2,1,1,1,2,2,0,2,2,3,4,1,3,2,2,1,2,2,0
555,0551a,1374a,2,1,1,1,2,0,1,3,2,3,2,0,2,2,3,0,4,2,0
556,0348b,0564b,1,1,1,1,0,1,0,2,1,2,2,1,2,0,2,1,1,1,0
557,1137b,1329b,3,1,1,3,2,1,0,0,2,1,1,1,3,2,2,3,0,2,0
558,0413a,1219c,1,1,1,1,2,3,0,1,1,2,4,0,1,2,3,0,1,2,0
559,0350b,0340c,2,1,1,3,2,1,1,4,2,1,0,1,1,2,1,0,3,2,0
560,1408c,0916a,0,1,1,0,0,2,0,2,1,1,1,1,0,0,2,2,1,1,0
561,1431c,0439a,3,1,1,3,2,3,1,4,2,3,1,2,4,2,2,3,2,2,0
562,1416a,1451c,1,1,1,3,2,1,0,4,2,0,0,1,0,2,2,0,0,2,0
563,0340a,0359b,3,0,1,0,2,3,1,2,2,3,2,1,0,2,2,3,0,2,0
564,0562c,1149c,3,0,1,3,2,1,0,2,2,1,1,1,3,2,1,3,3,2,0
565,1121a,1180c,2,1,1,3,2,2,0,1,2,2,4,1,0,2,3,0,3,2,0
566,0577b,1140c,2,1,0,3,2,2,1,2,2,2,4,1,2,2,1,0,1,2,0
567,0411a,0350c,3,1,1,0,2,1,1,4,2,2,0,1,0,1,1,0,2,2,0
568,1546a,0350a,1,1,0,3,2,1,1,2,1,3,2,1,0,1,2,1,3,2,0
569,0374c,0544a,2,1,1,3,2,2,3,0,2,0,1,1,0,2,2,0,1,1,0
570,0461a,1495b,3,1,1,3,0,2,0,0,2,1,1,1,2,2,1,1,0,2,0
571,1391c,1252a,2,1,1,0,2,2,1,1,2,3,1,1,3,2,3,0,3,2,0
572,1567b,0324c,3,1,0,2,2,2,0,0,2,1,1,0,4,2,2,0,3,2,0
573,1402a,1334c,2,1,1,1,2,1,0,3,2,3,4,1,3,2,3,1,2,2,0
574,1520a,1123c,3,2,1,3,2,2,0,2,2,3,4,1,3,2,2,1,4,2,0
575,0510b,0354c,0,1,1,3,0,3,3,3,1,1,0,0,1,0,1,3,2,2,0
576,1307a,1461c,1,1,1,3,2,2,0,1,1,2,4,1,3,2,1,0,3,2,0
577,0331b,0414b,3,1,1,0,2,2,0,0,2,1,1,1,0,2,1,1,1,2,0
578,1508c,1234c,1,4,1,1,0,2,0,0,2,2,1,0,2,2,3,0,2,2,0
579,0483b,1494c,1,1,1,0,0,3,1,2,1,3,4,1,3,2,3,3,3,2,0
580,0575c,1236b,2,1,1,1,2,3,0,0,2,3,4,1,0,2,2,1,0,2,0
581,0461b,0302a,2,1,1,0,2,2,2,0,1,2,0,1,1,0,2,1,1,1,0
582,0375a,0449c,3,0,1,3,2,2,0,4,2,1,0,1,3,2,3,0,0,2,0
583,0331b,1289b,3,1,1,0,2,2,0,0,2,1,4,1,3,2,2,0,2,2,0
584,1230b,0352c,1,1,0,3,2,2,1,3,2,3,4,1,1,2,3,1,3,2,0
585,1204a,1447c,0,0,1,0,2,2,1,0,2,1,1,0,1,2,2,2,2,2,0
586,0377a,1441a,1,4,1,1,2,2,0,1,2,1,1,1,1,2,2,2,1,2,0
587,1517c,1146c,3,0,1,0,2,2,1,4,2,3,0,1,3,2,2,1,4,2,0
588,1426c,1475c,1,0,1,0,2,3,1,2,2,3,1,1,3,0,1,3,4,2,0
589,1167a,0392b,0,2,1,0,2,2,0,4,2,1,2,1,0,2,2,2,0,1,0
590,1320a,0429a,1,1,1,3,2,1,0,3,2,2,0,1,3,2,3,0,4,2,0
591,1454b,1447a,2,1,1,3,2,2,1,0,2,2,1,1,3,2,1,1,0,2,0
592,1441a,0348a,1,1,1,1,2,2,2,1,2,3,0,1,0,2,1,0,4,2,0
593,1224c,1353b,1,0,1,1,2,1,1,2,2,2,1,0,2,2,1,0,2,2,0
594,0331b,1468a,3,1,1,0,2,2,0,0,2,1,1,1,2,2,2,0,0,2,0
595,0307c,1086b,1,1,1,1,2,2,2,3,2,0,1,1,1,2,2,1,0,1,0
596,0365b,1442c,2,1,1,3,0,2,0,2,1,1,1,1,0,0,2,0,2,1,0
597,0411c,0923c,2,1,1,3,2,1,0,4,2,1,1,1,2,2,3,0,4,2,0
598,0421b,1259b,2,0,1,1,0,2,0,0,2,1,0,1,3,2,1,2,2,1,0
599,1180b,1178b,1,1,1,0,2,2,1,1,1,3,0,1,3,2,2,3,1,2,0
600,0411a,1504b,3,1,1,0,2,1,1,4,2,3,1,1,3,1,2,0,4,2,0
601,0515a,0350c,1,1,1,3,2,2,2,2,1,2,0,1,0,1,1,0,2,2,0
602,1123b,0327c,0,2,1,0,2,2,1,1,2,1,1,1,1,2,1,1,2,1,0
603,0873b,1414b,3,0,2,3,0,2,0,3,2,0,4,0,0,0,1,1,1,1,0
604,0522b,1181c,2,1,0,2,2,2,0,4,2,2,2,1,0,0,3,0,4,2,0
605,0363b,1538a,1,1,1,1,2,1,0,1,1,1,1,1,3,2,3,1,2,1,0
606,0600a,1554b,2,1,1,0,2,1,0,3,2,2,1,1,1,2,2,1,1,1,0
607,0431c,1538b,2,0,1,0,2,2,2,3,2,2,2,1,3,0,2,0,1,1,0
608,1334a,1286c,3,1,1,0,2,3,0,2,2,2,1,1,1,2,1,3,3,2,0
609,1230b,0386a,1,1,0,3,2,2,1,3,2,1,2,1,0,0,2,3,0,2,0
610,0373c,0530a,3,0,1,3,2,3,1,4,2,2,4,1,0,2,3,3,4,2,0
611,0525a,1271a,1,2,1,3,2,1,1,1,1,1,1,1,2,0,1,1,4,1,0
612,0319a,0585c,2,4,1,0,2,3,1,2,2,0,1,0,2,2,1,1,0,2,0
613,1131a,1193a,1,1,1,1,2,1,0,0,2,1,4,1,3,2,3,1,1,2,0
614,1180b,1153a,1,1,1,0,2,2,1,1,1,0,1,1,1,2,2,0,0,2,0
615,1230b,1143c,1,1,0,3,2,2,1,3,2,1,1,1,0,1,2,3,1,2,0
616,1255c,1546c,2,1,1,0,1,2,0,2,2,3,0,1,0,2,1,1,3,2,0
617,1513a,1086c,2,0,1,3,2,3,0,3,2,2,1,1,1,0,1,1,2,1,0
618,1491a,1431c,3,1,1,0,2,2,1,3,2,3,1,1,3,2,3,1,4,2,0
619,0489c,1153c,1,1,1,1,2,2,1,2,1,2,1,1,0,1,2,0,1,2,0
620,0365a,1252c,0,2,1,0,2,2,0,1,2,1,2,1,0,2,2,1,1,1,0
621,0319b,0569a,1,1,1,1,2,3,0,2,1,1,1,0,2,2,3,0,3,2,0
622,0562c,0580b,3,0,1,3,2,1,0,2,2,1,1,0,2,2,2,3,3,2,0
623,1471c,0587a,1,1,1,0,0,1,1,1,2,1,1,1,2,2,2,2,0,2,0
624,0550a,1212a,3,4,1,3,2,2,0,0,2,2,1,1,0,0,2,2,2,1,0
625,1236a,1097a,3,0,1,3,2,2,0,3,2,3,2,1,0,2,2,0,4,2,0
626,0422a,0550b,1,1,1,0,2,1,0,0,2,3,0,1,0,2,2,0,4,2,0
627,0475a,0581c,0,1,1,2,2,2,1,4,2,2,4,2,3,2,2,1,2,2,0
628,1314a,0337a,1,1,1,1,2,1,0,4,2,2,1,1,3,2,2,3,2,1,0
629,1296c,0365b,1,1,1,3,0,2,1,0,2,2,1,1,3,0,2,0,2,1,0
630,0510c,0585b,3,1,1,1,2,1,1,0,2,3,1,2,3,2,3,1,4,2,0
631,0396c,1286b,3,1,1,0,2,2,3,2,2,3,4,1,0,2,3,0,4,2,0
632,1229c,1236b,2,1,0,0,2,2,1,2,2,3,4,1,0,2,2,1,0,2,0
633,0570a,1475c,2,1,0,3,0,2,1,3,2,3,1,1,3,0,1,3,4,2,0
634,0491b,0531a,2,1,1,0,2,1,1,0,2,2,2,1,1,2,2,0,3,2,0
635,0380a,0488b,1,4,1,3,2,2,3,1,2,2,0,0,0,2,1,0,0,2,0
636,1127a,0532b,1,1,1,3,2,2,1,3,2,2,1,1,3,0,2,0,1,1,0
637,1344a,0333b,1,1,1,0,2,3,0,3,2,2,1,1,0,2,3,1,1,2,0
638,0471a,1533c,1,4,1,1,2,3,0,1,2,1,2,1,3,2,1,0,1,1,0
639,1217b,0525b,1,1,1,1,0,2,1,2,1,2,3,0,0,2,2,0,3,2,0
640,0510b,1125b,0,1,1,3,0,3,3,3,1,1,1,2,4,3,2,1,2,1,0
641,0535b,0924c,0,0,1,2,2,2,1,4,2,0,1,1,0,2,1,2,1,1,0
642,1447c,1234c,1,1,0,1,2,2,2,2,2,2,1,0,2,2,3,0,2,2,0
643,0451b,1443b,2,1,1,3,0,2,1,2,1,2,1,1,2,0,2,2,0,1,0
644,0562c,0593c,3,0,1,3,2,1,0,2,2,1,1,1,1,2,3,0,0,1,0
645,0532b,0538b,2,1,1,3,0,2,0,1,1,1,1,1,3,2,1,2,1,2,0
646,0571a,1449c,2,4,1,3,2,3,0,1,2,1,1,1,0,0,3,2,2,1,0
647,0562a,0521b,0,1,1,3,2,2,1,4,2,1,1,1,0,1,1,0,0,2,0
648,1374b,1508c,1,1,1,0,2,2,2,2,1,1,4,1,1,0,2,0,0,2,0
649,0544a,1196a,0,1,1,0,2,2,0,1,1,0,1,1,3,2,2,2,1,1,0
650,1555b,0441b,2,2,1,1,2,3,0,3,2,2,2,1,0,0,2,3,2,2,0
651,0322b,0897c,1,1,1,3,1,2,0,1,2,2,4,1,3,2,3,1,3,2,0
652,0503a,1521a,2,1,1,0,2,3,0,2,2,2,2,1,0,2,2,1,1,2,0
653,0923a,0556a,2,1,1,1,1,2,0,2,2,2,1,1,1,0,2,0,4,1,0
654,1382b,1477c,2,1,1,0,0,2,0,0,2,3,1,1,2,2,2,1,0,1,0
655,1444b,1426a,1,0,1,1,2,2,0,0,1,2,0,1,1,2,2,1,2,1,0
656,0897c,0571c,2,4,1,3,2,3,1,3,2,1,0,1,1,0,1,0,1,1,0
657,0328b,0510b,0,2,1,1,2,3,0,3,2,0,1,1,3,0,3,3,3,1,0
658,0353a,0355b,2,1,1,3,1,2,0,2,2,1,4,1,0,0,2,1,1,1,0
659,1091b,0517c,1,1,1,0,2,2,2,1,1,1,1,1,3,0,2,3,2,1,0
660,1484c,0585b,1,1,1,0,0,1,2,2,1,3,1,2,3,2,3,1,4,2,0
661,1196b,1114a,0,2,1,0,2,2,1,2,1,2,1,1,3,0,2,2,0,1,0
662,1196a,0483b,0,1,1,3,2,2,2,1,1,1,1,1,0,0,3,1,2,1,0
663,1442a,1499c,3,2,1,0,2,2,0,1,2,2,0,1,3,0,2,1,3,2,0
664,0441b,1406c,2,2,1,0,0,2,3,2,2,1,0,1,4,0,2,3,2,2,0
665,1336a,1485c,0,1,1,2,2,2,0,0,2,3,4,1,3,2,3,1,3,2,0
666,1368b,1178b,3,1,1,1,2,2,3,4,2,3,0,1,3,2,2,3,1,2,0
667,0422a,1229c,1,1,1,0,2,1,0,0,2,2,1,0,0,2,2,1,2,2,0
668,1440c,1430c,2,4,1,1,2,3,0,2,2,0,0,1,3,2,3,0,3,2,0
669,0463a,1414b,1,1,1,0,0,3,3,4,2,0,4,0,0,0,1,1,1,1,0
670,0350b,1164a,2,1,1,3,2,1,1,4,2,2,1,0,2,2,1,1,1,2,0
671,1334c,0387b,3,4,1,3,2,3,1,2,2,2,2,0,1,0,1,0,2,1,0
672,1146a,1450b,0,4,1,0,2,2,1,0,2,2,2,1,3,2,3,0,3,2,0
673,1367a,0365c,2,0,1,1,2,2,3,2,2,0,4,0,3,0,1,1,2,1,0
674,1152c,0317b,0,0,1,1,2,1,1,1,1,0,4,0,0,0,2,2,3,2,0
675,0355c,1167a,1,1,1,1,2,1,0,1,2,0,2,1,0,2,2,0,4,2,0
676,1392a,1374a,2,4,1,1,0,2,3,2,1,3,2,0,2,2,3,0,4,2,0
677,1552a,1309c,3,0,1,1,2,2,1,1,2,1,1,0,1,0,1,0,2,1,0
678,0324c,1511c,1,1,0,4,2,2,0,3,2,1,1,0,1,0,3,1,0,1,0
679,0307b,1231b,3,0,1,0,2,2,1,2,2,0,0,1,0,2,2,0,1,2,0
680,1471c,0355b,1,1,1,0,0,1,1,1,2,1,4,1,0,0,2,1,1,1,0
681,1286a,0434c,1,2,1,3,2,1,1,3,2,0,1,0,2,2,3,0,3,2,0
682,0569a,0556c,1,1,0,2,2,3,0,3,2,0,1,0,1,0,3,1,0,1,0
683,0562c,0302c,3,0,1,3,2,1,0,2,2,3,1,0,2,2,3,0,3,2,0
684,0340a,0357a,3,0,1,0,2,3,1,2,2,3,4,1,1,2,3,2,3,2,0
685,0338a,1204b,2,4,1,0,2,3,0,1,2,2,1,1,3,1,3,0,4,2,0
686,1267a,1167a,2,1,1,0,2,2,2,2,1,0,2,1,0,2,2,0,4,2,0
687,0475a,1485b,0,1,1,2,2,2,1,4,2,0,1,1,3,2,1,1,2,1,0
688,1164c,0340b,3,1,1,3,2,3,0,2,2,1,4,1,1,2,1,0,3,2,0
689,0451a,1426c,2,1,1,0,2,1,0,0,2,1,0,1,0,2,3,1,2,2,0
690,1531c,0335b,3,1,1,0,2,3,1,2,2,3,4,1,0,2,2,1,1,2,0
691,0411c,0477b,2,1,1,3,2,1,0,4,2,2,1,1,1,2,3,0,2,2,0
692,1234a,0429b,3,4,1,3,2,2,0,3,2,1,1,1,3,2,3,1,4,2,0
693,1382b,0337a,2,1,1,0,0,2,0,0,2,2,1,1,3,2,2,3,2,1,0
694,0600a,1460b,2,1,1,0,2,1,0,3,2,2,2,1,3,2,2,1,3,2,0
695,1498a,1303b,0,1,1,1,2,2,1,2,2,3,1,0,2,2,2,0,3,2,0
696,1362c,1461c,3,0,1,0,2,2,0,2,2,2,4,1,3,2,1,0,3,2,0
697,0896a,1495c,3,1,1,1,2,3,0,3,2,1,1,1,0,0,2,1,2,1,0
698,0563c,1057b,1,4,1,1,0,3,0,2,2,1,0,0,2,0,2,1,0,1,0
699,0496a,1381a,3,4,1,0,2,3,1,2,2,1,4,0,1,2,2,0,1,2,0
700,1365b,1108b,0,4,1,3,2,2,1,0,2,2,2,0,2,2,1,0,0,2,0
701,1488b,0421a,2,2,1,0,0,2,1,1,1,3,2,1,3,2,3,3,3,2,0
702,1471c,1496a,1,1,1,0,0,1,1,1,2,2,4,1,1,2,1,0,4,2,0
703,1394a,1543b,2,1,1,3,2,2,1,1,1,2,1,1,2,2,2,1,0,2,0
704,1545a,1421b,0,1,1,0,2,2,1,2,2,3,1,1,3,2,2,2,2,1,0
705,0335a,1499c,1,1,1,2,2,2,1,0,2,2,0,1,3,0,2,1,3,2,0
706,0333b,1408a,2,1,1,0,2,3,1,1,2,3,1,0,3,2,1,0,3,2,0
707,1191c,1533a,3,4,1,3,2,3,3,4,2,3,3,0,3,2,2,0,3,2,0
708,0531a,1555b,2,2,1,1,2,2,0,3,2,2,2,1,1,2,3,0,3,2,0
709,1494c,1309c,3,4,1,3,2,3,3,3,2,1,1,0,1,0,1,0,2,1,0
710,1444a,0381c,0,1,1,0,2,3,0,3,2,1,4,1,3,2,3,0,2,2,0
711,1391a,1363a,3,4,1,3,2,3,0,3,2,0,0,1,1,2,3,2,3,2,0
712,1336a,0313c,0,1,1,2,2,2,0,0,2,0,1,1,3,2,2,1,1,1,0
713,1255a,1196c,1,1,1,0,2,2,1,0,1,1,1,1,1,2,3,3,3,2,0
714,1230a,1129c,0,1,1,0,2,2,0,3,2,1,2,1,3,2,2,0,2,2,0
715,1221a,1504a,3,4,1,0,2,2,2,1,2,1,0,1,1,2,1,3,0,2,0
716,0592c,1164a,1,2,1,1,2,3,0,3,2,2,1,0,2,2,1,1,1,2,0
717,0471a,1443c,1,4,1,1,2,3,0,1,2,0,1,1,1,2,1,1,2,1,0
718,0338b,1330a,2,1,1,3,2,1,0,3,2,3,2,1,3,2,2,0,0,2,0
719,1489a,1468a,1,1,1,3,2,2,0,0,2,1,1,1,2,2,2,0,0,2,0
720,0355c,1471b,1,1,1,1,2,1,0,1,2,1,0,1,0,2,2,0,4,2,0
721,1164a,1273c,2,1,0,2,2,1,1,1,2,1,1,1,3,1,1,3,1,2,0
722,0924a,0324a,2,2,1,3,1,2,1,2,2,0,2,1,0,1,2,1,3,2,0
723,0557c,0520a,1,1,1,0,2,1,0,2,1,2,4,1,0,2,1,3,3,2,0
724,1378b,1545b,3,1,1,3,2,2,1,3,2,2,1,1,0,0,2,0,1,2,0
725,1543b,1441a,2,1,1,2,2,2,1,0,2,1,1,1,1,2,2,2,1,2,0
726,1475a,1485b,1,1,0,0,2,2,1,2,2,0,1,1,3,2,1,1,2,1,0
727,0553b,0593c,2,1,1,0,0,2,1,1,1,1,1,1,1,2,3,0,0,1,0
728,0350b,0522b,2,1,1,3,2,1,1,4,2,2,1,0,2,2,2,0,4,2,0
729,0379b,1230a,3,1,1,0,2,2,0,3,2,0,1,1,0,2,2,0,3,2,0
730,1432a,0334a,2,4,1,0,2,1,0,1,2,2,0,1,0,2,3,0,0,2,0
731,1149c,1254b,1,1,1,3,2,1,3,3,2,2,1,0,2,2,2,1,3,2,0
732,1493a,0413b,2,1,1,0,1,2,0,3,2,1,1,1,3,0,1,2,2,1,0
733,0370a,0385a,3,0,1,0,1,3,1,1,2,0,0,1,2,2,3,3,0,2,0
734,0565a,1180c,2,1,1,3,2,2,1,1,2,2,4,1,0,2,3,0,3,2,0
735,0379c,0335b,2,1,1,2,2,2,0,3,2,3,4,1,0,2,2,1,1,2,0
736,1517c,0404c,3,0,1,0,2,2,1,4,2,0,2,1,3,2,2,0,4,2,0
737,0474b,1197b,2,1,1,3,2,3,3,3,2,0,0,1,4,2,3,0,4,2,0
738,1520a,1549c,3,2,1,3,2,2,0,2,2,0,2,1,3,2,2,1,4,2,0
739,1336a,0969a,0,1,1,2,2,2,0,0,2,2,2,1,1,2,2,1,2,1,0
740,1486a,1343a,1,0,1,0,2,2,0,1,2,2,0,1,0,2,1,0,0,2,0
741,0563a,0324a,1,1,1,1,0,2,0,2,1,0,2,1,0,1,2,1,3,2,0
742,1416a,1262a,1,1,1,3,2,1,0,4,2,2,4,1,3,2,3,0,4,2,0
743,0927c,0571c,2,1,0,2,2,1,0,1,2,1,0,1,1,0,1,0,1,1,0
744,0544b,1370a,2,1,1,3,2,3,0,0,2,2,1,1,3,0,2,0,1,2,0
745,0593b,1254a,3,4,1,0,2,2,3,3,2,1,1,1,1,2,1,3,3,2,0
746,1329a,1260c,1,1,1,3,2,1,1,3,2,3,2,1,0,2,2,1,1,2,0
747,1137a,0432a,1,1,1,0,2,1,0,1,2,3,0,1,3,2,2,1,2,2,0
748,0422a,0483a,1,1,1,0,2,1,0,0,2,2,2,1,3,2,2,0,1,1,0
749,1196a,1259b,0,1,1,3,2,2,2,1,1,1,0,1,3,2,1,2,2,1,0
750,0315b,1198b,2,1,0,2,2,1,1,3,2,1,0,1,3,2,0,2,2,1,0
751,0898b,0357b,2,0,1,0,0,3,0,2,2,2,1,0,0,0,2,2,3,2,0
752,1352a,0522c,2,2,1,1,2,2,1,4,2,3,1,2,4,0,2,0,3,2,0
753,0950a,0312b,2,1,1,3,0,2,2,2,1,1,1,0,1,2,2,2,4,2,0
754,1120a,0355c,2,1,1,3,2,2,0,2,2,1,1,1,1,2,1,0,1,2,0
755,1488a,1352c,1,1,1,0,2,3,0,0,2,2,2,1,0,2,2,1,2,2,0
756,1181b,1272a,2,1,0,2,2,1,1,0,2,1,1,1,2,2,1,2,0,1,0
757,1099a,1513c,2,1,1,3,0,2,2,3,2,1,1,1,0,1,2,1,1,2,0
758,0306b,1486b,2,1,0,2,2,2,0,2,2,2,0,1,0,2,3,1,4,2,0
759,0321c,0553b,2,1,1,2,2,2,0,2,2,2,1,1,0,0,2,1,1,1,0
760,0515a,0585b,1,1,1,3,2,2,2,2,1,3,1,2,3,2,3,1,4,2,0
761,1334a,0355a,3,1,1,0,2,3,0,2,2,3,2,1,3,2,3,0,3,2,0
762,1567b,0859a,3,1,0,2,2,2,0,0,2,2,0,1,3,2,0,0,3,2,0
763,1444a,0510c,0,1,1,0,2,3,0,3,2,3,1,1,1,2,1,1,0,2,0
764,1546b,0585c,3,1,1,0,0,3,0,3,2,0,1,0,2,2,1,1,0,2,0
765,0334c,0387b,1,4,1,3,0,2,0,0,2,2,2,0,1,0,1,0,2,1,0
766,1508c,0373c,1,4,1,1,0,2,0,0,2,3,0,1,3,2,3,1,4,2,0
767,0321c,0389c,2,1,1,2,2,2,0,2,2,2,0,1,0,2,2,3,2,2,0
768,0584a,1284c,1,1,1,1,2,2,0,0,2,3,1,1,0,2,1,1,2,2,0
769,1122a,1164a,2,1,1,3,0,1,0,2,1,2,1,0,2,2,1,1,1,2,0
770,1036b,0587c,2,2,0,2,2,2,0,0,2,1,4,0,3,2,3,1,3,2,0
771,1518c,1268a,2,1,1,0,2,1,0,1,2,2,1,1,0,0,2,0,4,2,0
772,1417b,0350c,3,4,1,0,2,3,0,3,2,2,0,1,0,1,1,0,2,2,0
773,0570c,1097a,3,4,1,1,2,2,0,1,2,3,2,1,0,2,2,0,4,2,0
774,1262a,1511b,2,4,1,3,2,3,0,4,2,0,1,0,2,2,2,0,2,2,0
775,1367c,0489b,1,1,1,3,2,0,0,3,2,1,0,1,0,2,3,3,4,2,0
776,1260a,1350a,0,1,1,1,2,2,0,4,2,3,1,1,0,2,3,1,2,1,0
777,1152b,1358b,2,1,1,1,2,3,0,3,2,3,4,0,1,2,2,0,1,2,0
778,1508a,1303a,2,4,1,0,2,2,3,4,2,3,4,1,0,0,2,0,4,2,0
779,1443c,0583c,0,1,1,1,2,1,1,2,1,3,1,0,2,2,2,2,3,2,0
780,1516a,0507c,2,0,1,0,2,2,1,1,2,3,4,1,1,2,1,0,1,2,0
781,1513b,1036b,2,0,1,3,2,3,0,2,2,2,2,0,2,2,2,0,0,2,0
782,1181a,1502b,1,0,1,0,2,1,0,2,2,3,4,1,3,2,2,0,4,2,0
783,0584a,0363b,1,1,1,1,2,2,0,0,2,1,1,1,1,2,1,0,1,1,0
784,1268a,1533b,2,1,1,0,0,2,0,4,2,1,0,1,0,2,3,0,4,2,0
785,0560c,1167a,1,1,1,0,2,1,1,0,2,0,2,1,0,2,2,0,4,2,0
786,0379b,1261b,3,1,1,0,2,2,0,3,2,3,4,1,0,2,2,0,2,2,0
787,1129c,1360a,1,2,1,3,2,2,0,2,2,3,1,0,2,2,2,0,2,2,0
788,1240b,0569b,1,1,1,1,0,1,0,3,2,0,0,1,2,2,1,1,1,2,0
789,1482b,0301a,1,1,1,3,2,2,1,0,2,1,0,1,0,2,2,1,4,2,0
790,1144b,1424b,1,2,1,0,2,2,1,2,2,3,1,1,0,0,2,0,0,2,0
791,0373a,0373b,3,0,1,0,0,2,0,2,2,2,1,1,1,2,1,0,0,1,1
792,0321a,0321b,2,1,1,3,2,1,1,2,1,3,2,1,3,2,2,1,4,2,1
793,0403c,0403a,1,0,0,0,2,2,0,3,2,2,0,2,1,0,1,0,1,1,1
794,1131a,1131b,1,1,1,1,2,1,0,0,2,2,0,1,1,2,2,0,3,2,1
795,1554b,1554c,2,1,1,1,2,2,1,1,1,3,0,1,3,2,2,1,1,2,1
796,1254c,1254a,1,1,1,0,2,2,1,1,2,1,1,1,1,2,1,3,3,2,1
797,1248a,1248b,2,1,1,3,2,2,1,4,2,3,1,1,1,2,2,0,0,2,1
798,1476a,1476c,1,1,1,0,2,1,0,1,1,1,2,1,3,0,2,1,1,1,1
799,1224c,1224b,1,0,1,1,2,1,1,2,2,2,4,2,4,3,3,3,4,2,1
800,1375c,1375a,3,4,1,0,2,2,0,0,2,1,0,1,1,2,2,0,3,2,1
801,1234a,1234b,3,4,1,3,2,2,0,3,2,3,0,1,1,2,3,0,4,2,1
802,0556b,0556c,0,2,0,1,0,2,1,1,1,0,1,0,1,0,3,1,0,1,1
803,0327b,0327a,0,1,1,1,1,2,0,3,2,3,1,1,1,2,0,0,4,2,1
804,1325b,1325c,0,1,1,1,2,2,1,2,1,1,4,1,3,2,3,1,2,2,1
805,0539a,0539b,2,4,1,3,2,2,1,2,2,3,1,1,0,0,2,0,2,2,1
806,1268a,1268b,2,1,1,0,0,2,0,4,2,1,1,1,0,2,2,1,3,1,1
807,1320a,1320c,1,1,1,3,2,1,0,3,2,2,2,1,0,2,2,0,3,2,1
808,1518c,1518a,2,1,1,0,2,1,0,1,2,2,2,1,3,2,2,0,1,2,1
809,0537b,0537c,2,1,0,3,0,2,1,4,2,2,2,1,3,2,2,2,0,1,1
810,1433a,1433b,2,2,1,0,2,2,1,0,2,3,1,1,3,0,2,0,1,2,1
811,1378c,1378a,1,1,1,3,2,1,0,2,2,3,4,1,3,2,3,0,0,2,1
812,0458c,0458b,3,0,1,0,2,2,0,3,2,3,2,1,3,2,2,1,3,2,1
813,1227a,1227b,1,1,1,3,2,1,0,1,2,3,1,1,3,2,1,0,4,2,1
814,1430b,1430c,1,1,1,1,1,2,0,3,2,0,0,1,3,2,3,0,3,2,1
815,0496f,0496c,2,4,1,0,2,2,1,2,2,3,4,1,3,2,2,0,1,2,1
816,1521a,1521c,2,2,1,0,2,2,1,1,2,0,1,1,2,2,2,1,0,2,1
817,1531b,1531a,2,1,1,3,2,1,1,3,2,2,0,1,0,2,3,0,3,2,1
818,1091b,1091c,1,1,1,0,2,2,2,1,1,2,4,0,2,2,2,0,2,2,1
819,0483a,0483b,2,2,1,3,2,2,0,1,1,1,1,1,0,0,3,1,2,1,1
820,1432c,1432b,2,2,1,0,2,2,0,2,2,3,1,1,0,1,2,1,4,2,1
821,1178b,1178c,3,0,1,3,2,2,3,1,2,2,4,1,3,0,2,1,0,2,1
822,0927a,0927b,1,0,1,0,0,2,0,2,1,1,4,1,1,2,3,1,1,2,1
823,1178a,1178c,3,4,1,3,0,2,0,3,2,2,4,1,3,0,2,1,0,2,1
824,1257c,1257a,0,1,1,3,2,2,0,4,2,2,1,1,2,2,1,0,3,2,1
825,1253a,1253b,3,0,1,0,2,2,3,2,2,0,1,1,1,2,1,1,1,1,1
826,1378b,1378a,3,1,1,3,2,2,1,3,2,3,4,1,3,2,3,0,0,2,1
827,0585b,0585c,3,1,2,3,2,3,1,4,2,0,1,0,2,2,1,1,0,2,1
828,0471a,0471b,1,4,1,1,2,3,0,1,2,0,0,1,0,1,2,0,2,2,1
829,0471a,0471c,1,4,1,1,2,3,0,1,2,0,0,1,3,2,1,1,2,1,1
830,0896a,0896c,3,1,1,1,2,3,0,3,2,1,1,1,0,2,3,1,4,2,1
831,1458a,1458c,0,1,1,3,2,2,1,1,2,1,4,1,3,2,2,0,0,2,1
832,1237a,1237b,2,1,0,1,2,2,0,1,2,3,0,1,1,2,2,0,0,2,1
833,1465a,1465b,3,4,1,0,2,2,3,2,2,0,1,1,1,2,1,1,2,2,1
834,0496c,0496d,3,4,1,3,2,2,0,1,2,2,1,1,1,2,2,0,1,1,1
835,1445b,1445c,2,1,1,2,2,2,0,0,2,2,1,1,0,2,3,0,0,2,1
836,1271b,1271c,3,4,2,2,0,2,1,3,2,0,1,2,4,2,2,2,2,2,1
837,1446b,1446c,1,1,1,1,2,2,0,2,2,3,1,1,3,2,2,0,3,2,1
838,0544b,0544c,2,1,1,3,2,3,0,0,2,1,4,1,3,2,2,2,0,1,1
839,1458b,1458c,1,1,1,0,2,2,1,2,1,1,4,1,3,2,2,0,0,2,1
840,1174a,1174b,1,1,1,1,2,3,0,4,2,2,0,1,3,3,2,1,4,2,1
841,0521a,0521b,2,1,1,1,2,1,3,0,2,1,1,1,0,1,1,0,0,2,1
842,1471b,1471c,1,0,1,0,2,2,0,4,2,1,1,1,0,0,1,1,1,2,1
843,1364c,1364a,2,2,1,0,2,2,1,3,2,2,1,1,2,0,2,0,3,2,1
844,1319a,1319b,2,0,1,0,2,2,3,4,2,2,4,2,3,2,2,2,1,2,1
845,1341a,1341c,0,2,1,0,2,2,0,2,2,2,1,1,2,2,2,1,4,2,1
846,1517a,1517b,2,1,1,1,2,2,0,2,2,1,1,1,3,2,2,0,3,2,1
847,1149b,1149c,2,4,1,3,2,2,1,0,2,1,1,1,3,2,1,3,3,2,1
848,0540a,0540c,3,3,1,1,2,3,0,3,2,2,1,0,4,0,2,0,3,2,1
849,1129c,1129a,1,2,1,3,2,2,0,2,2,3,1,1,0,2,2,3,1,2,1
850,0302c,0302b,3,1,0,2,2,3,0,3,2,2,2,2,4,3,3,3,4,2,1
851,0569a,0569b,1,1,0,2,2,3,0,3,2,0,0,1,2,2,1,1,1,2,1
852,0489c,0489a,1,1,1,1,2,2,1,2,1,1,4,2,0,2,3,1,2,2,1
853,0517c,0517a,1,1,1,3,0,2,3,2,1,3,0,1,0,2,0,1,1,2,1
854,1491b,1491c,2,1,1,0,2,2,0,1,1,1,1,1,1,2,2,1,0,2,1
855,1323a,1323b,2,0,1,1,2,3,2,3,2,1,1,0,2,2,1,1,3,2,1
856,1391b,1391a,3,4,1,0,2,2,1,4,2,3,4,1,3,2,3,0,3,2,1
857,1230a,1230c,0,1,1,0,2,2,0,3,2,2,4,1,3,2,2,0,2,2,1
858,0354b,0354a,3,1,1,0,2,3,1,4,2,2,1,1,4,2,1,0,4,2,1
859,0365a,0365c,0,2,1,0,2,2,0,1,2,0,4,0,3,0,1,1,2,1,1
860,0507a,0507b,1,1,1,3,0,2,1,2,1,0,1,1,3,2,1,1,4,2,1
861,1302a,1302c,2,1,1,3,2,2,0,0,2,2,1,1,3,2,2,0,3,2,1
862,0337b,0337c,3,4,1,3,2,2,3,4,2,3,4,1,1,2,1,1,3,2,1
863,0380a,0380b,1,4,1,3,2,2,3,1,2,1,3,2,3,3,2,0,2,2,1
864,1194a,1194b,3,1,1,1,2,1,1,2,1,2,4,0,1,2,2,0,1,2,1
865,0337a,0337b,2,1,1,3,2,2,3,2,1,3,4,1,3,2,2,3,4,2,1
866,0374b,0374a,1,4,1,3,2,2,0,1,2,2,2,0,0,2,1,3,3,2,1
867,1286a,1286b,1,2,1,3,2,1,1,3,2,3,4,1,0,2,3,0,4,2,1
868,1194b,1194c,2,4,0,1,2,2,0,1,2,2,1,2,1,2,2,0,3,2,1
869,1236a,1236b,3,0,1,3,2,2,0,3,2,3,4,1,0,2,2,1,0,2,1
870,1500a,1500b,3,4,1,4,2,3,1,3,2,0,2,1,0,0,2,2,2,1,1
871,0597c,0597a,1,4,1,0,2,2,1,1,2,3,4,2,0,2,3,3,1,1,1
872,0357b,0357a,2,1,0,0,0,2,2,3,2,3,4,1,1,2,3,2,3,2,1
873,0354a,0354c,2,1,1,4,2,1,0,4,2,1,0,0,1,0,1,3,2,2,1
874,1152a,1152c,3,4,0,2,2,1,0,2,2,0,0,1,1,2,1,1,1,1,1
875,0367b,0367c,1,1,1,0,2,2,1,2,2,3,1,1,3,2,2,0,1,2,1
876,1352b,1352a,2,1,1,3,2,2,2,1,2,2,2,1,1,2,2,1,4,2,1
877,0445a,0445b,2,2,1,0,0,2,0,3,2,1,1,1,3,2,1,1,1,1,1
878,1481a,1481b,3,1,1,1,2,2,0,3,2,2,1,1,1,2,2,1,0,2,1
879,1468a,1468b,1,1,1,2,2,2,0,0,2,3,1,1,2,2,2,1,3,2,1
880,1487a,1487c,2,1,1,3,2,3,0,2,2,3,1,1,3,0,1,0,0,1,1
881,1489a,1489c,1,1,1,3,2,2,0,0,2,2,4,1,0,2,2,1,1,2,1
882,0421c,0421a,1,0,1,1,2,2,1,1,1,3,2,1,3,2,3,3,3,2,1
883,1086b,1086c,0,1,1,1,2,2,1,0,1,2,1,1,1,0,1,1,2,1,1
884,1454b,1454a,2,1,1,3,2,2,1,0,2,2,4,1,3,2,2,1,1,2,1
885,0434c,0434a,0,1,0,2,2,3,0,3,2,3,0,0,2,0,3,3,0,2,1
886,1363a,1363c,0,0,1,1,2,3,2,3,2,0,1,0,1,0,2,0,1,1,1
887,0469b,0469c,3,2,1,2,0,2,1,1,1,2,0,1,1,0,2,3,0,1,1
888,1300a,1300c,1,1,1,1,2,2,0,1,2,3,1,1,0,2,2,1,1,2,1
889,1386a,1386b,1,1,1,0,2,2,0,3,2,3,1,1,0,2,2,0,1,2,1
890,0445b,0445c,1,1,1,3,2,1,1,1,1,2,4,1,3,0,2,0,4,2,1
891,1492b,1492c,2,2,1,0,2,2,0,0,2,1,1,1,3,2,3,0,2,2,1
892,1446a,1446c,1,1,1,3,2,2,1,2,2,3,1,1,3,2,2,0,3,2,1
893,0491c,0491a,2,2,1,0,2,2,0,4,2,2,1,1,1,2,1,0,2,1,1
894,0564a,0564b,2,1,1,0,2,3,3,2,1,2,2,1,2,0,2,1,1,1,1
895,0516a,0516b,2,0,1,0,0,3,0,3,2,0,1,0,2,2,2,0,1,2,1
896,0373b,0373c,2,1,1,1,2,1,0,0,1,3,0,1,3,2,3,1,4,2,1
897,1271a,1271c,1,1,1,2,0,1,1,4,1,0,1,2,4,2,2,2,2,2,1
898,0552a,0552b,2,1,1,0,2,2,1,2,1,2,0,1,3,2,2,0,0,2,1
899,1411a,1411b,2,0,1,1,2,2,1,1,2,3,1,1,3,2,3,1,1,2,1
900,1362a,1362b,3,1,1,3,2,2,0,0,2,2,1,1,3,2,2,0,4,2,1
901,1426c,1426a,1,0,1,0,2,3,1,2,2,2,0,1,1,2,2,1,2,1,1
902,1543b,1543c,2,1,1,2,2,2,1,0,2,1,1,1,1,2,2,0,2,1,1
903,1335a,1335c,2,1,1,0,2,3,0,1,2,2,1,1,3,2,2,2,1,1,1
904,1430a,1430b,2,1,1,0,2,3,3,3,2,1,1,1,1,1,2,0,3,2,1
905,0551c,0551a,3,2,1,0,0,2,0,2,2,2,1,1,1,2,0,1,3,2,1
906,0301b,0301c,1,1,1,2,2,3,0,0,2,3,1,1,4,0,2,0,1,2,1
907,1309a,1309b,0,1,1,0,2,2,0,2,2,2,2,1,3,2,2,0,0,2,1
908,1155a,1155c,1,1,0,2,2,1,1,0,2,1,0,1,0,2,0,0,3,2,1
909,0560c,0560b,1,1,1,0,2,1,1,0,2,0,1,1,0,2,2,1,0,1,1
910,1330a,1330c,3,2,1,3,2,2,0,0,2,1,1,1,2,2,2,1,3,2,1
911,1196a,1196c,0,1,1,3,2,2,2,1,1,1,1,1,1,2,3,3,3,2,1
912,1491a,1491b,3,1,1,0,2,2,1,3,2,2,1,1,0,2,2,0,1,1,1
913,1146a,1146c,0,4,1,0,2,2,1,0,2,3,0,1,3,2,2,1,4,2,1
914,0924a,0924c,2,2,1,3,1,2,1,2,2,0,1,1,0,2,1,2,1,1,1
915,0421b,0421c,2,0,1,1,0,2,0,0,2,1,0,1,1,2,2,1,1,1,1
916,0458a,0458b,2,1,1,0,2,2,1,0,2,3,2,1,3,2,2,1,3,2,1
917,0350c,0350a,2,0,1,0,1,1,0,2,2,3,2,1,0,1,2,1,3,2,1
918,1442b,1442c,2,2,1,3,2,2,1,4,2,1,1,1,0,0,2,0,2,1,1
919,1234a,1234c,3,4,1,3,2,2,0,3,2,2,1,0,2,2,3,0,2,2,1
920,1259b,1259c,1,0,1,3,2,1,2,2,1,0,1,1,0,0,2,2,1,1,1
921,1341a,1341b,0,2,1,0,2,2,0,2,2,2,4,1,0,2,3,0,2,2,1
922,0597c,0597b,1,4,1,0,2,2,1,1,2,2,4,1,3,2,3,0,3,2,1
923,0570c,0570a,3,4,1,1,2,2,0,1,2,2,1,0,3,0,2,1,3,2,1
924,1432c,1432a,2,2,1,0,2,2,0,2,2,2,4,1,0,2,1,0,1,2,1
925,0492b,0492c,2,0,1,0,2,1,1,3,2,2,0,1,1,2,1,0,1,2,1
926,1382c,1382a,2,2,1,0,2,2,0,1,2,2,0,1,0,2,2,1,3,2,1
927,1358b,1358c,3,4,0,1,2,2,0,1,2,3,4,1,1,2,3,1,1,2,1
928,1440c,1440b,2,4,1,1,2,3,0,2,2,0,4,0,2,0,2,0,4,1,1
929,1323a,1323c,2,0,1,1,2,3,2,3,2,1,0,1,1,2,2,3,0,1,1
930,0584a,0584b,1,1,1,1,2,2,0,0,2,2,1,1,1,2,2,1,2,2,1
931,0422b,0422c,2,4,1,0,2,2,0,3,2,2,0,1,0,2,2,0,3,2,1
932,1303c,1303b,3,4,1,0,2,2,0,4,2,3,1,0,2,2,2,0,3,2,1
933,0307a,0307c,2,0,1,3,2,2,0,4,2,1,1,1,1,2,2,2,3,2,1
934,1413b,1413c,0,1,1,0,2,1,0,2,2,1,4,1,3,2,2,1,2,2,1
935,1178a,1178b,3,4,1,3,0,2,0,3,2,3,0,1,3,2,2,3,1,2,1
936,1328b,1328c,1,2,1,0,2,2,3,2,2,1,1,1,3,2,2,2,1,1,1
937,1455a,1455c,3,1,1,0,2,2,1,2,2,2,1,1,3,2,2,1,3,2,1
938,0424a,0424c,1,2,1,3,2,2,0,1,2,2,1,1,0,2,2,3,3,2,1
939,1513b,1513c,2,0,1,3,2,3,0,2,2,1,1,1,0,1,2,1,1,2,1
940,1481b,1481c,2,1,1,1,2,2,1,0,2,2,1,1,3,2,1,0,0,2,1
941,1123c,1123a,3,4,1,3,2,2,1,4,2,2,1,2,1,0,1,1,2,1,1
942,1149a,1149b,1,1,1,0,2,3,1,1,2,2,4,1,3,2,2,1,0,2,1
943,0335b,0335c,3,4,1,0,2,2,1,1,2,3,1,1,0,2,1,1,3,2,1
944,0549b,0549c,0,1,0,2,2,3,3,4,2,3,1,1,3,3,3,3,4,2,1
945,0472a,0472c,3,1,1,3,2,3,0,0,2,2,1,1,1,2,2,3,2,2,1
946,1510b,1510a,1,1,1,0,2,2,1,0,2,1,1,1,0,2,1,0,3,2,1
947,0535b,0535c,0,0,1,2,2,2,1,4,2,1,2,1,3,2,1,3,3,2,1
948,0539b,0539c,3,1,1,0,0,2,0,2,2,2,1,1,0,2,2,3,0,2,1
949,1120b,1120c,1,1,1,0,2,2,0,2,2,2,1,1,0,2,2,0,0,2,1
950,0429b,0429a,1,1,1,3,2,3,1,4,2,2,0,1,3,2,3,0,4,2,1
951,0463a,0463b,1,1,1,0,0,3,3,4,2,0,0,0,3,2,3,0,3,2,1
952,0363b,0363a,1,1,1,1,2,1,0,1,1,0,0,1,1,2,2,1,1,2,1
953,1426b,1426c,2,1,1,0,2,1,0,4,2,1,0,1,0,2,3,1,2,2,1
954,1547a,1547c,2,4,1,1,2,1,0,2,2,2,0,1,3,2,3,0,0,2,1
955,0531b,0531c,2,0,1,3,2,1,0,2,2,1,4,1,1,2,2,0,3,2,1
956,1477a,1477c,3,0,1,3,2,1,1,0,2,3,1,1,2,2,2,1,0,1,1
957,1123c,1123b,3,4,1,3,2,2,1,4,2,0,2,1,0,2,2,1,1,2,1
958,1405b,1405c,1,1,1,0,0,2,1,1,1,2,3,1,0,2,2,0,1,2,1
959,0440c,0440a,3,4,1,0,2,1,0,4,2,2,0,0,2,2,2,0,4,2,1
960,1430a,1430c,2,1,1,0,2,3,3,3,2,0,0,1,3,2,3,0,3,2,1
961,0323c,0323b,1,0,1,1,0,1,0,0,1,3,0,0,1,0,3,1,1,1,1
962,0550b,0550c,3,0,1,0,2,2,0,4,2,2,0,1,1,2,2,0,4,2,1
963,0335a,0335b,1,1,1,2,2,2,1,0,2,3,4,1,0,2,2,1,1,2,1
964,0340a,0340b,3,0,1,0,2,3,1,2,2,1,4,1,1,2,1,0,3,2,1
965,1451a,1451c,1,4,1,3,2,2,0,4,2,0,0,1,0,2,2,0,0,2,1
966,1552a,1552c,3,0,1,1,2,2,1,1,2,3,1,1,1,2,1,1,3,2,1
967,0434b,0434a,1,4,1,0,2,2,0,0,2,3,0,0,2,0,3,3,0,2,1
968,0518a,0518c,2,1,1,0,0,2,2,1,1,3,4,1,1,2,3,0,4,2,1
969,0450c,0450b,1,1,0,0,0,1,0,1,1,1,2,0,1,0,2,0,2,1,1
970,1360b,1360a,2,0,1,0,2,2,0,2,2,3,1,0,2,2,2,0,2,2,1
971,1259a,1259b,1,4,0,0,2,3,1,3,2,1,0,1,3,2,1,2,2,1,1
972,0350b,0350c,2,1,1,3,2,1,1,4,2,2,0,1,0,1,1,0,2,2,1
973,0323c,0323a,1,0,1,1,0,1,0,0,1,3,4,2,4,2,2,3,2,2,1
974,1221a,1221c,3,4,1,0,2,2,2,1,2,2,1,1,0,2,0,0,3,2,1
975,0414a,0414c,3,2,1,0,2,2,0,2,2,0,1,1,0,2,2,1,3,2,1
976,1367a,1367c,2,0,1,1,2,2,3,2,2,1,1,1,3,2,0,0,3,2,1
977,0457c,0457b,0,2,1,0,0,2,0,3,2,1,4,0,1,0,2,0,1,1,1
978,0521a,0521c,2,1,1,1,2,1,3,0,2,3,1,2,1,0,2,1,3,2,1
979,1303c,1303a,3,4,1,0,2,2,0,4,2,3,4,1,0,0,2,0,4,2,1
980,0375c,0375b,2,4,1,4,2,2,2,1,1,1,3,0,1,0,2,0,2,1,1
981,1252a,1252c,3,1,1,3,2,3,0,3,2,1,2,1,0,2,2,1,1,1,1
982,1417c,1417a,1,1,1,3,2,2,1,2,1,1,1,0,0,2,3,1,3,2,1
983,0411b,0411a,1,2,1,1,2,2,0,1,2,3,1,1,0,2,1,1,4,2,1
984,0496f,0496d,2,4,1,0,2,2,1,2,2,2,1,1,1,2,2,0,1,1,1
985,1497a,1497b,0,4,1,0,2,2,1,3,2,2,1,1,0,0,2,1,2,1,1
986,1489a,1489b,1,1,1,3,2,2,0,0,2,2,1,1,3,2,2,1,2,2,1
987,0571b,0571a,0,1,1,0,2,2,0,0,2,2,4,1,3,2,3,0,1,2,1
988,0432a,0432c,3,0,1,3,2,2,1,2,2,3,1,1,0,2,2,2,0,2,1
989,1153a,1153b,0,1,1,1,2,2,0,0,2,0,4,1,3,2,2,1,2,2,1
990,1513a,1513c,2,0,1,3,2,3,0,3,2,1,1,1,0,1,2,1,1,2,1
991,1164c,1164a,3,1,1,3,2,3,0,2,2,2,1,0,2,2,1,1,1,2,1
992,0340b,0340c,1,4,1,1,2,1,0,3,2,1,0,1,1,2,1,0,3,2,1
993,1551a,1551c,0,1,1,0,2,2,3,3,2,2,4,1,3,2,2,3,2,2,1
994,1140c,1140b,2,4,1,2,2,1,0,1,2,0,0,1,3,0,1,1,2,1,1
995,1240a,1240b,1,0,1,3,2,2,3,1,2,1,1,1,1,0,1,0,3,2,1
996,0321c,0321a,2,1,1,2,2,2,0,2,2,2,1,1,3,2,1,1,2,1,1
997,1325a,1325b,3,1,1,0,1,2,0,1,2,0,1,1,1,2,2,1,2,1,1
998,0538b,0538c,1,1,1,3,2,1,2,1,2,2,2,1,0,2,2,2,1,2,1
999,1335a,1335b,2,1,1,0,2,3,0,1,2,2,2,1,0,2,2,3,2,2,1
1000,0301a,0301b,1,0,1,0,2,2,1,4,2,1,1,1,2,2,3,0,0,2,1
1001,0556a,0556c,2,1,1,1,0,2,0,4,1,0,1,0,1,0,3,1,0,1,1
1002,0365a,0365b,0,2,1,0,2,2,0,1,2,2,1,1,3,0,2,0,2,1,1
1003,1153a,1153c,0,1,1,1,2,2,0,0,2,2,1,1,0,1,2,0,1,2,1
1004,0496a,0496e,3,4,1,0,2,3,1,2,2,2,1,0,1,2,3,0,2,2,1
1005,0525a,0525b,1,2,1,3,2,1,1,1,1,2,3,0,0,2,2,0,3,2,1
1006,1329a,1329b,1,1,1,3,2,1,1,3,2,1,1,1,3,2,2,3,0,2,1
1007,0353b,0353c,2,1,1,1,2,1,1,2,1,1,2,1,1,2,3,0,1,2,1
1008,1483b,1483c,3,4,1,0,2,2,0,1,2,1,1,1,1,0,1,0,1,1,1
1009,1336b,1336c,3,1,1,3,2,3,0,4,2,0,1,1,0,2,3,0,0,2,1
1010,1039c,1039a,2,4,1,0,2,2,3,1,2,3,1,0,0,0,3,1,0,2,1
1011,0562a,0562c,0,1,1,3,2,2,1,4,2,3,0,1,3,2,1,0,2,2,1
1012,1445a,1445b,0,1,1,3,2,2,0,3,2,2,1,1,2,2,2,0,0,2,1
1013,1567c,1567b,2,4,1,4,2,2,0,2,2,3,1,0,2,2,2,0,0,2,1
1014,1495a,1495c,2,1,0,3,2,1,0,3,2,1,1,1,0,0,2,1,2,1,1
1015,0328b,0328a,0,2,1,1,2,3,0,3,2,3,1,0,2,2,3,0,2,2,1
1016,1146a,1146b,0,4,1,0,2,2,1,0,2,2,0,1,3,2,1,1,1,2,1
1017,1477a,1477b,3,0,1,3,2,1,1,0,2,1,1,1,1,0,2,0,1,1,1
1018,0440c,0440b,3,4,1,0,2,1,0,4,2,2,1,1,2,0,2,1,0,1,1
1019,0421b,0421a,2,0,1,1,0,2,0,0,2,3,2,1,3,2,3,3,3,2,1
1020,1328a,1328b,3,1,1,2,2,3,0,0,2,1,2,1,0,2,2,3,2,2,1
1021,0337a,0337c,2,1,1,3,2,2,3,2,1,3,4,1,1,2,1,1,3,2,1
1022,0472b,0472c,2,1,1,0,2,1,1,2,2,2,1,1,1,2,2,3,2,2,1
1023,1489b,1489c,2,1,1,3,2,2,1,2,2,2,4,1,0,2,2,1,1,2,1
1024,0496f,0496a,2,4,1,0,2,2,1,2,2,3,4,1,0,2,3,1,2,2,1
1025,0387b,0387a,2,2,0,1,0,1,0,2,1,0,1,0,2,0,1,2,2,2,1
1026,1516a,1516b,2,0,1,0,2,2,1,1,2,2,1,1,1,2,1,0,1,2,1
1027,1149a,1149c,1,1,1,0,2,3,1,1,2,1,1,1,3,2,1,3,3,2,1
1028,1320b,1320c,3,1,1,0,2,1,0,0,2,2,2,1,0,2,2,0,3,2,1
1029,1255a,1255b,1,1,1,0,2,2,1,0,1,1,1,1,1,2,2,1,4,2,1
1030,1260b,1260c,2,1,1,1,2,1,1,0,2,3,2,1,0,2,2,1,1,2,1
1031,1483a,1483c,2,1,1,3,2,3,0,3,2,1,1,1,1,0,1,0,1,1,1
1032,0461a,0461b,3,1,1,3,0,2,0,0,2,2,1,1,0,2,2,2,0,1,1
1033,1120a,1120c,2,1,1,3,2,2,0,2,2,2,1,1,0,2,2,0,0,2,1
1034,0314c,0314a,1,1,1,3,2,0,0,0,2,1,1,1,0,2,1,2,1,1,1
1035,1134a,1134c,2,0,1,3,2,2,1,0,2,2,1,1,0,2,2,3,4,2,1
1036,1450a,1450c,3,1,1,3,2,2,2,1,1,3,0,1,1,2,1,1,3,2,1
1037,1362a,1362c,3,1,1,3,2,2,0,0,2,3,0,1,0,2,2,0,2,2,1
1038,1267a,1267b,2,1,1,0,2,2,2,2,1,2,2,1,2,2,2,0,1,2,1
1039,1284a,1284c,2,1,1,0,2,2,1,4,2,3,1,1,0,2,1,1,2,2,1
1040,0474b,0474c,2,1,1,3,2,3,3,3,2,3,4,1,0,2,2,3,1,2,1
1041,1508a,1508c,2,4,1,0,2,2,3,4,2,1,4,1,1,0,2,0,0,2,1
1042,1534b,1534a,1,1,1,3,2,2,1,1,2,2,1,1,1,2,3,1,3,2,1
1043,1393b,1393c,2,1,1,3,0,2,0,3,2,1,4,1,0,2,2,1,2,2,1
1044,0458a,0458c,2,1,1,0,2,2,1,0,2,3,0,1,0,2,2,0,3,2,1
1045,1267c,1267a,1,0,1,0,2,2,0,1,1,2,1,1,0,2,2,2,2,1,1
1046,1231b,1231c,0,0,1,0,2,2,0,1,2,1,4,1,3,2,2,1,3,2,1
1047,1386b,1386c,3,1,1,0,2,2,0,1,2,3,1,1,3,2,2,0,2,2,1
1048,1180a,1180b,2,1,1,2,2,2,1,1,2,1,1,1,0,2,2,1,1,1,1
1049,1460a,1460b,2,1,1,1,0,2,0,0,2,2,2,1,3,2,2,1,3,2,1
1050,0306a,0306b,3,1,1,2,2,2,0,1,2,2,1,0,2,2,2,0,2,2,1
1051,0316b,0316a,2,1,1,3,2,2,2,4,2,2,1,2,3,2,3,1,2,2,1
1052,1144b,1144c,1,2,1,0,2,2,1,2,2,1,1,1,2,2,1,0,0,2,1
1053,1330a,1330b,3,2,1,3,2,2,0,0,2,2,2,1,3,2,2,0,4,2,1
1054,1307a,1307b,1,1,1,3,2,2,0,1,1,3,4,1,0,2,3,1,1,2,1
1055,1453b,1453c,3,1,1,3,2,2,1,2,2,2,1,1,0,2,2,0,2,1,1
1056,1134a,1134b,2,0,1,3,2,2,1,0,2,3,4,1,1,2,2,0,2,2,1
1057,0313c,0313b,0,1,1,3,2,2,1,1,1,2,1,0,2,2,2,0,0,2,1
1058,1447a,1447b,2,1,1,3,2,1,1,0,2,1,4,1,0,2,2,2,1,1,1
1059,1517a,1517c,2,1,1,1,2,2,0,2,2,3,0,1,0,2,2,1,4,2,1
1060,1329b,1329c,1,1,1,3,2,2,3,0,2,0,1,1,0,2,2,3,0,2,1
1061,1504b,1504a,3,1,1,3,1,2,0,4,2,1,0,1,1,2,1,3,0,2,1
1062,0556a,0556b,2,1,1,1,0,2,0,4,1,0,2,0,1,0,2,1,1,1,1
1063,1442a,1442b,3,2,1,0,2,2,0,1,2,2,2,1,3,2,2,1,4,2,1
1064,0363c,0363b,1,1,1,0,2,2,3,0,2,1,1,1,1,2,1,0,1,1,1
1065,0924b,0924c,1,0,1,3,0,2,1,0,1,0,1,1,0,2,1,2,1,1,1
1066,0550a,0550c,3,4,1,3,2,2,0,0,2,2,0,1,1,2,2,0,4,2,1
1067,1343b,1343c,2,1,1,0,2,3,1,4,2,0,0,1,1,2,1,0,1,1,1
1068,1533b,1533a,1,0,1,0,2,3,0,4,2,3,3,0,3,2,2,0,3,2,1
1069,1230a,1230b,0,1,1,0,2,2,0,3,2,1,1,0,3,2,2,1,3,2,1
1070,1254a,1254b,1,1,1,1,2,1,3,3,2,2,1,0,2,2,2,1,3,2,1
1071,1447b,1447c,1,4,1,0,2,2,2,1,1,1,1,0,1,2,2,2,2,2,1
1072,0537a,0537b,3,1,1,3,2,2,2,1,2,2,1,0,3,0,2,1,4,2,1
1073,1361b,1361a,1,0,1,3,2,2,0,4,2,1,4,1,0,0,2,3,3,2,1
1074,1267c,1267b,1,0,1,0,2,2,0,1,1,2,2,1,2,2,2,0,1,2,1
1075,0338b,0338a,2,1,1,3,2,1,0,3,2,2,4,1,0,2,3,0,1,2,1
1076,0569c,0569b,1,1,1,0,2,2,3,3,2,0,0,1,2,2,1,1,1,2,1
1077,0469a,0469b,2,3,1,1,2,2,3,4,2,3,2,1,2,0,2,1,1,1,1
1078,0314b,0314c,0,0,1,0,2,2,0,2,2,1,1,1,3,2,0,0,0,2,1
1079,1370b,1370c,1,0,1,0,2,2,0,3,2,3,1,1,1,2,2,1,1,2,1
1080,1374b,1374a,1,1,1,0,2,2,2,2,1,3,2,0,2,2,3,0,4,2,1
1081,1146b,1146c,2,0,1,3,2,1,1,1,2,3,0,1,3,2,2,1,4,2,1
1082,1335b,1335c,2,2,1,0,2,2,3,2,2,2,1,1,3,2,2,2,1,1,1
1083,0456c,0456a,2,2,1,0,2,3,0,3,2,2,1,0,2,2,2,0,3,2,1
1084,1441a,1441c,1,1,1,1,2,2,2,1,2,1,1,1,1,2,2,1,1,1,1
1085,1408c,1408b,0,1,1,0,0,2,0,2,1,1,1,0,1,0,3,0,2,1,1
1086,1282b,1282c,2,2,1,3,2,2,0,2,2,1,1,2,3,2,2,1,2,2,1
1087,1260a,1260c,0,1,1,1,2,2,0,4,2,3,2,1,0,2,2,1,1,2,1
1088,0348b,0348c,1,1,1,1,0,1,0,2,1,3,1,0,2,2,2,3,3,2,1
1089,1091b,1091a,1,1,1,0,2,2,2,1,1,3,1,2,4,2,2,3,4,2,1
1090,0357a,0357c,3,4,1,1,2,3,2,3,2,0,2,1,1,0,2,0,1,1,1
1091,1441a,1441b,1,1,1,1,2,2,2,1,2,2,0,1,0,0,2,0,2,2,1
1092,0359a,0359b,2,1,1,0,2,2,0,2,2,3,2,1,0,2,2,3,0,2,1
1093,0319a,0319c,2,4,1,0,2,3,1,2,2,2,0,0,0,2,2,0,2,2,1
1094,1554a,1554b,2,1,1,2,2,1,0,1,2,2,1,1,1,2,2,1,1,1,1
1095,0472b,0472a,2,1,1,0,2,1,1,2,2,3,1,1,3,2,3,0,0,2,1
1096,1431c,1431a,3,1,1,3,2,3,1,4,2,3,1,1,3,2,1,3,0,2,1
1097,0311a,0311c,1,2,1,1,2,1,3,3,2,0,0,1,0,0,2,2,1,1,1
1098,1424a,1424c,3,4,1,0,2,2,1,2,2,1,1,1,3,2,2,1,1,1,1
1099,0471b,0471c,0,0,1,0,1,2,0,2,2,0,0,1,3,2,1,1,2,1,1
1100,0892a,0892c,1,0,1,1,2,3,0,0,2,3,2,0,2,2,2,1,0,2,1
1101,1036b,1036c,2,2,0,2,2,2,0,0,2,1,4,1,0,0,2,2,0,2,1
1102,1368b,1368c,3,1,1,1,2,2,3,4,2,2,1,1,3,0,1,2,0,1,1
1103,1546b,1546a,3,1,1,0,0,3,0,3,2,1,1,0,3,2,1,1,2,1,1
1104,1240a,1240c,1,0,1,3,2,2,3,1,2,2,1,0,0,2,3,1,1,2,1
1105,0571b,0571c,0,1,1,0,2,2,0,0,2,1,0,1,1,0,1,0,1,1,1
1106,1521a,1521b,2,2,1,0,2,2,1,1,2,3,1,1,3,0,2,3,3,2,1
1107,0372a,0372b,1,1,1,3,2,1,0,1,1,1,1,1,3,1,2,1,2,2,1
1108,0911b,0911c,1,3,1,1,2,2,2,1,1,2,4,2,3,2,3,3,2,2,1
1109,1448b,1448c,1,2,1,3,2,2,1,1,2,3,4,1,3,2,2,1,1,2,1
1110,0546c,0546b,2,0,1,3,2,1,3,1,2,3,1,1,3,1,3,0,1,2,1
1111,0535a,0535b,2,4,1,1,2,2,2,1,1,0,0,1,2,2,2,1,4,2,1
1112,0366a,0366b,2,4,1,3,2,2,0,3,2,3,1,2,4,3,2,0,2,2,1
1113,0587a,0587c,1,1,1,2,2,2,2,0,2,1,4,0,3,2,3,1,3,2,1
1114,1488a,1488c,1,1,1,0,2,3,0,0,2,3,0,1,0,2,2,0,1,2,1
1115,0434b,0434c,1,4,1,0,2,2,0,0,2,0,1,0,2,2,3,0,3,2,1
1116,1393a,1393b,2,4,1,0,2,2,0,4,2,2,1,1,3,0,2,0,3,2,1
1117,1531c,1531a,3,1,1,0,2,3,1,2,2,2,0,1,0,2,3,0,3,2,1
1118,0584b,0584c,2,1,1,1,2,2,1,2,2,0,1,1,0,2,2,0,1,2,1
1119,1196a,1196b,0,1,1,3,2,2,2,1,1,0,2,1,0,2,2,1,2,1,1
1120,1508b,1508a,1,1,1,0,2,1,1,0,1,2,4,1,0,2,2,3,4,2,1
1121,1152b,1152c,2,1,1,1,2,3,0,3,2,0,0,1,1,2,1,1,1,1,1
1122,1171b,1171a,2,4,1,3,2,1,1,3,2,1,2,1,3,2,3,0,0,2,1
1123,1477b,1477c,1,1,1,1,0,2,0,1,1,3,1,1,2,2,2,1,0,1,1
1124,1512b,1512c,2,0,1,0,2,2,0,0,2,2,1,1,1,2,2,1,3,2,1
1125,1360b,1360c,2,0,1,0,2,2,0,2,2,0,1,1,2,1,2,1,1,1,1
1126,0333b,0333a,2,1,1,0,2,3,1,1,2,2,1,1,3,2,1,2,0,1,1
1127,1358a,1358b,2,1,1,1,1,2,0,4,2,3,4,0,1,2,2,0,1,2,1
1128,1545a,1545b,0,1,1,0,2,2,1,2,2,2,1,1,0,0,2,0,1,2,1
1129,0353a,0353b,2,1,1,3,1,2,0,2,2,2,1,1,1,2,1,1,2,1,1
1130,0338b,0338c,2,1,1,3,2,1,0,3,2,0,1,1,3,2,2,1,2,1,1
1131,1350a,1350c,3,1,1,0,2,3,1,2,1,1,4,1,3,0,1,2,1,1,1
1132,1234b,1234c,3,0,1,1,2,3,0,4,2,2,1,0,2,2,3,0,2,2,1
1133,0317b,0317c,0,4,0,0,0,2,2,3,2,0,0,0,2,2,3,1,3,2,1
1134,0555b,0555a,1,1,1,0,1,2,0,2,2,1,4,0,2,0,2,3,4,1,1
1135,1191b,1191c,3,4,0,1,2,1,0,3,2,3,4,1,3,2,3,3,4,2,1
1136,1448a,1448c,2,1,1,0,2,1,0,0,1,3,4,1,3,2,2,1,1,2,1
1137,0349a,0349b,3,1,1,1,2,1,0,1,2,0,1,1,3,2,2,3,1,2,1
1138,1212a,1212c,2,1,1,0,0,2,2,2,1,2,0,1,0,0,2,2,2,1,1
1139,1386a,1386c,1,1,1,0,2,2,0,3,2,3,1,1,3,2,2,0,2,2,1
1140,1374b,1374c,1,1,1,0,2,2,2,2,1,3,0,1,0,2,1,0,3,2,1
1141,1475b,1475c,3,1,0,3,2,2,0,3,2,3,1,1,3,0,1,3,4,2,1
1142,1461b,1461a,2,2,1,0,2,1,0,0,2,1,0,1,1,2,0,0,1,2,1
1143,1309a,1309c,0,1,1,0,2,2,0,2,2,1,1,0,1,0,1,0,2,1,1
1144,0381a,0381b,1,0,1,3,2,2,0,3,2,3,1,1,0,2,3,0,4,2,1
1145,1504c,1504a,0,1,1,0,2,1,0,2,1,1,0,1,1,2,1,3,0,2,1
1146,0347a,0347b,2,4,1,3,0,3,1,4,1,1,1,0,0,0,2,2,0,1,1
1147,1208a,1208c,0,4,1,0,0,2,0,2,2,0,1,1,0,2,1,3,2,2,1
1148,1336a,1336b,0,1,1,2,2,2,0,0,2,3,1,1,3,2,3,0,4,2,1
1149,0550a,0550b,3,4,1,3,2,2,0,0,2,3,0,1,0,2,2,0,4,2,1
1150,0496f,0496e,2,4,1,0,2,2,1,2,2,2,1,0,1,2,3,0,2,2,1
1151,0385c,0385a,2,2,1,0,1,2,2,1,2,0,0,1,2,2,3,3,0,2,1
1152,1494a,1494c,1,0,1,1,2,2,0,1,2,3,4,1,3,2,3,3,3,2,1
1153,1374c,1374a,3,0,1,0,2,1,0,3,2,3,2,0,2,2,3,0,4,2,1
1154,1485a,1485c,3,4,1,0,2,2,2,2,2,3,4,1,3,2,3,1,3,2,1
1155,0335a,0335c,1,1,1,2,2,2,1,0,2,3,1,1,0,2,1,1,3,2,1
1156,1268a,1268c,2,1,1,0,0,2,0,4,2,2,1,1,3,2,3,0,4,2,1
1157,0923a,0923c,2,1,1,1,1,2,0,2,2,1,1,1,2,2,3,0,4,2,1
1158,0336a,0336c,1,2,1,3,2,2,1,3,2,3,2,1,2,2,2,0,1,1,1
1159,1367b,1367c,1,1,0,1,2,1,0,3,2,1,1,1,3,2,0,0,3,2,1
1160,0456b,0456c,0,1,1,1,2,2,0,1,1,2,2,1,0,2,3,0,3,2,1
1161,0431b,0431a,3,0,2,1,2,3,0,2,2,3,2,1,3,1,2,3,2,2,1
1162,0381b,0381c,3,1,1,0,2,3,0,4,2,1,4,1,3,2,3,0,2,2,1
1163,0319a,0319b,2,4,1,0,2,3,1,2,2,1,1,1,1,2,3,0,2,1,1
1164,1411b,1411c,3,1,1,3,2,3,1,1,2,0,1,1,3,2,3,0,2,2,1
1165,0561a,0561b,2,1,1,3,2,1,0,1,2,3,1,1,3,2,2,0,4,2,1
1166,0600a,0600b,2,1,1,0,2,1,0,3,2,0,1,1,3,2,2,0,1,2,1
1167,1208a,1208b,0,4,1,0,0,2,0,2,2,1,0,1,0,2,1,0,1,1,1
1168,0317a,0317b,1,1,0,2,0,1,1,2,1,0,4,0,0,0,2,2,3,2,1
1169,1370a,1370b,2,1,1,3,0,2,0,1,2,1,0,1,0,2,2,0,3,2,1
1170,0538a,0538c,2,1,0,3,2,2,1,4,2,2,2,1,0,2,2,2,1,2,1
1171,0587a,0587b,1,1,1,2,2,2,2,0,2,0,1,1,0,2,1,1,0,1,1
1172,0571a,0571c,2,4,1,3,2,3,0,1,2,1,0,1,1,0,1,0,1,1,1
1173,1305a,1305b,1,1,1,0,2,2,0,0,2,2,1,1,0,2,2,1,2,2,1
1174,1444a,1444b,0,1,1,0,2,3,0,3,2,1,0,1,1,2,2,0,0,1,1
1175,1253a,1253c,3,0,1,0,2,2,3,2,2,2,0,0,2,2,2,0,0,2,1
1176,1517b,1517c,1,1,1,3,2,2,0,3,2,3,0,1,0,2,2,1,4,2,1
1177,0334b,0334c,2,0,1,0,2,2,3,1,2,1,4,1,3,0,2,0,0,2,1
1178,1208b,1208c,1,0,1,0,2,1,0,1,1,0,1,1,0,2,1,3,2,2,1
1179,0544a,0544c,0,1,1,0,2,2,0,1,1,1,4,1,3,2,2,2,0,1,1
1180,1294a,1294c,1,0,1,0,2,1,0,0,1,3,0,1,3,2,3,1,0,2,1
1181,1222c,1222a,0,1,1,0,2,2,1,2,1,2,1,0,2,2,1,0,3,2,1
1182,0522b,0522c,2,1,0,2,2,2,0,4,2,3,1,2,4,0,2,0,3,2,1
1183,1429c,1429a,0,0,1,3,2,2,0,0,2,1,2,1,2,2,2,1,0,1,1
1184,0301a,0301c,1,0,1,0,2,2,1,4,2,3,1,1,4,0,2,0,1,2,1
1185,0411c,0411b,2,1,1,3,2,1,0,4,2,1,2,1,1,2,2,0,1,2,1
1186,1375b,1375c,1,4,1,3,2,2,0,3,2,3,4,1,0,2,2,0,0,2,1
1187,1137a,1137c,1,1,1,0,2,1,0,1,2,2,2,1,3,2,2,0,3,2,1
1188,1119a,1119c,1,1,1,0,0,2,0,1,2,2,1,1,3,2,2,1,2,1,1
1189,0535a,0535c,2,4,1,1,2,2,2,1,1,1,2,1,3,2,1,3,3,2,1
1190,1201a,1201b,0,1,1,0,2,2,2,3,2,2,0,1,0,2,3,0,4,2,1
1191,0456b,0456a,0,1,1,1,2,2,0,1,1,2,1,0,2,2,2,0,3,2,1
1192,1134b,1134c,3,4,1,1,2,2,0,2,2,2,1,1,0,2,2,3,4,2,1
1193,1378b,1378c,3,1,1,3,2,2,1,3,2,1,1,1,3,2,1,0,2,2,1
1194,0538a,0538b,2,1,0,3,2,2,1,4,2,1,1,1,3,2,1,2,1,2,1
1195,0544b,0544a,2,1,1,3,2,3,0,0,2,0,1,1,0,2,2,0,1,1,1
1196,1495b,1495c,1,1,1,2,2,1,1,0,2,1,1,1,0,0,2,1,2,1,1
1197,1140c,1140a,2,4,1,2,2,1,0,1,2,3,4,0,2,2,1,1,3,2,1
1198,1450b,1450a,2,2,1,3,2,3,0,3,2,3,1,1,3,2,2,2,1,1,1
1199,0422a,0422c,1,1,1,0,2,1,0,0,2,2,0,1,0,2,2,0,3,2,1
1200,1551a,1551b,0,1,1,0,2,2,3,3,2,1,1,1,0,2,1,1,1,1,1
1201,1552b,1552c,2,1,1,3,2,1,1,1,1,3,1,1,1,2,1,1,3,2,1
1202,1319b,1319c,2,4,2,3,2,2,2,1,2,1,0,1,0,2,0,1,4,2,1
1203,1490c,1490b,0,1,1,3,2,2,0,2,2,1,0,1,3,2,1,0,2,2,1
1204,0600a,0600c,2,1,1,0,2,1,0,3,2,3,1,1,3,2,2,1,0,2,1
1205,1533b,1533c,1,0,1,0,2,3,0,4,2,1,2,1,3,2,1,0,1,1,1
1206,1137a,1137b,1,1,1,0,2,1,0,1,2,3,1,1,3,2,1,0,0,2,1
1207,1453a,1453c,1,1,1,3,2,2,0,4,2,2,1,1,0,2,2,0,2,1,1
1208,1538a,1538b,1,1,1,3,2,3,1,2,1,2,2,1,3,0,2,0,1,1,1
1209,0473a,0473b,1,2,1,0,0,2,1,1,2,1,4,1,1,0,3,0,3,2,1
1210,1531b,1531c,2,1,1,3,2,1,1,3,2,3,1,1,0,2,3,1,2,2,1
1211,1255b,1255c,1,1,1,1,2,2,1,4,2,2,1,1,0,1,2,0,2,2,1
1212,0445a,0445c,2,2,1,0,0,2,0,3,2,2,4,1,3,0,2,0,4,2,1
1213,1485a,1485b,3,4,1,0,2,2,2,2,2,0,1,1,3,2,1,1,2,1,1
1214,0314b,0314a,0,0,1,0,2,2,0,2,2,1,1,1,0,2,1,2,1,1,1
1215,1336a,1336c,0,1,1,2,2,2,0,0,2,0,1,1,0,2,3,0,0,2,1
1216,0873a,0873b,2,2,0,2,2,2,3,0,2,3,0,2,3,0,2,0,3,2,1
1217,1237b,1237c,3,0,1,1,2,2,0,0,2,2,1,0,2,2,2,0,1,2,1
1218,0489b,0489a,1,0,1,0,2,3,3,4,2,1,4,2,0,2,3,1,2,2,1
1219,1219b,1219c,2,0,1,0,2,1,0,3,2,2,4,0,1,2,3,0,1,2,1
1220,0405a,0405b,3,0,1,0,2,3,1,2,1,1,0,1,4,0,2,0,1,2,1
1221,1364b,1364c,3,1,1,3,2,2,1,1,2,2,2,1,0,2,2,1,3,2,1
1222,0440b,0440a,2,1,1,2,0,2,1,0,1,2,0,0,2,2,2,0,4,2,1
1223,1501c,1501b,0,1,1,0,0,2,1,2,1,3,1,1,2,2,1,1,0,1,1
1224,1454b,1454c,2,1,1,3,2,2,1,0,2,1,1,1,0,2,2,0,4,2,1
1225,0594a,0594c,3,2,1,0,2,2,1,4,2,0,4,2,4,2,2,0,3,2,1
1226,0351c,0351a,1,0,1,0,2,2,1,2,2,1,2,0,0,2,2,0,3,2,1
1227,1451a,1451b,1,4,1,3,2,2,0,4,2,3,1,1,3,2,3,3,3,2,1
1228,0565a,0565c,2,1,1,3,2,2,1,1,2,2,1,1,1,2,2,0,1,2,1
1229,1394c,1394b,3,2,1,0,2,2,3,2,1,3,1,0,1,2,1,1,3,2,1
1230,0532b,0532c,2,1,1,3,0,2,0,1,1,2,2,1,3,2,3,0,2,2,1
1231,1284b,1284c,1,1,1,3,0,2,0,1,2,3,1,1,0,2,1,1,2,2,1
1232,1330b,1330c,2,2,1,3,2,2,0,4,2,1,1,1,2,2,2,1,3,2,1
1233,1501c,1501a,0,1,1,0,0,2,1,2,1,1,3,1,0,2,3,1,3,2,1
1234,1197a,1197c,1,4,1,3,0,2,1,0,2,1,2,1,0,0,2,0,4,2,1
1235,1252a,1252b,3,1,1,3,2,3,0,3,2,2,2,1,3,2,2,1,1,2,1
1236,1416b,1416c,2,0,1,0,2,2,1,2,2,1,4,1,3,2,3,1,4,2,1
1237,1352c,1352a,2,2,1,0,2,2,1,2,2,2,2,1,1,2,2,1,4,2,1
1238,0477a,0477b,2,1,1,1,2,1,0,0,2,2,1,1,1,2,3,0,2,2,1
1239,1510b,1510c,1,1,1,0,2,2,1,0,2,2,1,1,1,2,2,0,3,2,1
1240,1565a,1565b,2,4,1,3,2,2,0,1,2,2,1,1,3,0,2,0,2,2,1
1241,1302a,1302b,2,1,1,3,2,2,0,0,2,3,1,1,0,2,2,0,2,2,1
1242,0307a,0307b,2,0,1,3,2,2,0,4,2,3,0,1,0,2,2,1,2,2,1
1243,1219a,1219c,3,1,1,1,2,1,0,0,2,2,4,0,1,2,3,0,1,2,1
1244,1343a,1343c,2,0,1,0,2,1,0,0,2,0,0,1,1,2,1,0,1,1,1
1245,1429b,1429a,2,1,1,0,0,2,0,1,1,1,2,1,2,2,2,1,0,1,1
1246,1334a,1334c,3,1,1,0,2,3,0,2,2,3,4,1,3,2,3,1,2,2,1
1247,0594b,0594c,0,0,0,3,2,0,0,3,2,0,4,2,4,2,2,0,3,2,1
1248,1406a,1406c,1,2,2,4,2,2,0,2,2,1,0,1,4,0,2,3,2,2,1
1249,1413a,1413b,2,1,1,1,2,3,0,1,2,0,1,1,0,2,1,0,2,2,1
1250,1305a,1305c,1,1,1,0,2,2,0,0,2,1,1,1,3,2,2,0,1,2,1
1251,1543a,1543b,3,1,1,0,2,2,0,4,2,2,1,1,2,2,2,1,0,2,1
1252,1465b,1465c,0,1,1,1,2,1,1,2,2,1,2,0,2,2,2,0,2,2,1
1253,1363b,1363c,0,1,1,1,0,2,0,2,1,0,1,0,1,0,2,0,1,1,1
1254,1424b,1424c,3,1,1,0,0,2,0,0,2,1,1,1,3,2,2,1,1,1,1
1255,1408a,1408b,3,1,0,3,2,1,0,3,2,1,1,0,1,0,3,0,2,1,1
1256,1230c,1230b,2,4,1,3,2,2,0,2,2,1,1,0,3,2,2,1,3,2,1
1257,0555c,0555a,3,0,1,1,2,2,0,4,2,1,4,0,2,0,2,3,4,1,1
1258,0333b,0333c,2,1,1,0,2,3,1,1,2,3,2,1,1,2,1,1,1,2,1
1259,0374b,0374c,1,4,1,3,2,2,0,1,2,2,1,1,3,2,2,3,0,2,1
1260,0563a,0563c,1,1,1,1,0,2,0,2,1,1,4,1,1,0,3,0,2,2,1
1261,1257b,1257a,3,4,1,0,2,2,0,3,2,2,1,1,2,2,1,0,3,2,1
1262,1538c,1538b,0,2,1,0,2,1,1,0,2,2,2,1,3,0,2,0,1,1,1
1263,0317a,0317c,1,1,0,2,0,1,1,2,1,0,0,0,2,2,3,1,3,2,1
1264,1551b,1551c,1,1,1,0,2,1,1,1,1,2,4,1,3,2,2,3,2,2,1
1265,1391c,1391a,2,1,1,0,2,2,1,1,2,3,4,1,3,2,3,0,3,2,1
1266,1180b,1180c,1,1,1,0,2,2,1,1,1,2,4,1,0,2,3,0,3,2,1
1267,1493a,1493b,2,1,1,0,1,2,0,3,2,2,4,1,0,2,2,3,3,2,1
1268,0357b,0357c,2,1,0,0,0,2,2,3,2,0,2,1,1,0,2,0,1,1,1
1269,1534b,1534c,1,1,1,3,2,2,1,1,2,3,1,1,0,2,1,0,3,2,1
1270,1273a,1273c,1,2,1,0,0,2,1,0,2,1,1,1,3,1,1,3,1,2,1
1271,1494b,1494c,2,1,1,0,2,1,1,4,2,3,4,1,3,2,3,3,3,2,1
1272,1152b,1152a,2,1,1,1,2,3,0,3,2,3,4,0,2,2,1,0,2,2,1
1273,1236c,1236b,1,1,1,1,2,3,0,1,2,3,4,1,0,2,2,1,0,2,1
1274,0334a,0334b,2,0,1,0,2,3,0,0,2,2,0,1,0,2,2,3,1,2,1
1275,1300b,1300c,2,1,1,0,2,1,0,2,2,3,1,1,0,2,2,1,1,2,1
1276,0302a,0302b,2,0,1,1,0,2,1,1,1,2,2,2,4,3,3,3,4,2,1
1277,1409b,1409c,1,1,1,3,2,3,3,1,2,0,2,1,0,0,2,1,2,1,1
1278,1402a,1402b,2,1,1,1,2,1,0,3,2,1,2,1,3,0,2,1,3,2,1
1279,1406a,1406b,1,2,2,4,2,2,0,2,2,1,0,0,1,0,2,2,2,2,1
1280,1254c,1254b,1,1,1,0,2,2,1,1,2,2,1,0,2,2,2,1,3,2,1
1281,0496c,0496a,3,4,1,3,2,2,0,1,2,3,4,1,0,2,3,1,2,2,1
1282,1565a,1565c,2,4,1,3,2,2,0,1,2,2,1,1,0,2,2,2,2,2,1
1283,1491a,1491c,3,1,1,0,2,2,1,3,2,1,1,1,1,2,2,1,0,2,1
1284,0473a,0473c,1,2,1,0,0,2,1,1,2,1,1,1,3,2,3,2,4,1,1
1285,1546b,1546c,3,1,1,0,0,3,0,3,2,3,0,1,0,2,1,1,3,2,1
1286,1328a,1328c,3,1,1,2,2,3,0,0,2,1,1,1,3,2,2,2,1,1,1
1287,0969a,0969c,2,2,1,1,2,2,1,2,1,3,4,1,3,2,2,2,3,2,1
1288,1370a,1370c,2,1,1,3,0,2,0,1,2,3,1,1,1,2,2,1,1,2,1
1289,1546c,1546a,3,0,1,0,2,1,1,3,2,1,1,0,3,2,1,1,2,1,1
1290,1181a,1181b,1,0,1,0,2,1,0,2,2,2,1,0,2,2,1,1,0,2,1
1291,1540b,1540c,1,1,1,0,2,2,1,3,2,1,2,1,0,2,2,1,0,1,1
1292,1259a,1259c,1,4,0,0,2,3,1,3,2,0,1,1,0,0,2,2,1,1,1
1293,0496d,0496a,2,1,1,1,2,2,0,1,1,3,4,1,0,2,3,1,2,2,1
1294,0547a,0547c,2,2,0,1,2,2,0,1,2,1,2,1,3,2,1,2,1,1,1
1295,0315b,0315a,2,1,0,2,2,1,1,3,2,2,4,0,2,2,3,0,3,2,1
1296,1323b,1323c,1,1,0,2,2,1,1,3,2,1,0,1,1,2,2,3,0,1,1
1297,1495a,1495b,2,1,0,3,2,1,0,3,2,1,1,1,2,2,1,1,0,2,1
1298,1499b,1499c,2,1,1,2,2,2,3,4,2,2,0,1,3,0,2,1,3,2,1
1299,1366a,1366c,3,1,1,0,2,1,1,1,2,0,1,1,0,2,2,1,1,1,1
1300,1119b,1119c,1,1,1,3,2,3,0,1,2,2,1,1,3,2,2,1,2,1,1
1301,1485b,1485c,0,1,1,3,2,1,1,2,1,3,4,1,3,2,3,1,3,2,1
1302,0353a,0353c,2,1,1,3,1,2,0,2,2,1,2,1,1,2,3,0,1,2,1
1303,1414b,1414c,0,4,0,0,0,1,1,1,1,1,0,1,1,3,1,1,2,1,1
1304,0507a,0507c,1,1,1,3,0,2,1,2,1,3,4,1,1,2,1,0,1,2,1
1305,0376c,0376b,2,1,0,0,3,2,2,3,2,1,2,0,2,0,1,1,1,1,1
1306,1433b,1433c,3,1,1,3,0,2,0,1,2,1,4,1,0,2,2,1,0,2,1
1307,0525b,0525c,2,3,0,0,2,2,0,3,2,1,1,1,2,2,1,2,1,1,1
1308,1446a,1446b,1,1,1,3,2,2,1,2,2,1,1,1,1,2,2,0,2,2,1
1309,1488c,1488b,3,0,1,0,2,2,0,1,2,2,2,1,0,0,2,1,1,1,1
1310,1426b,1426a,2,1,1,0,2,1,0,4,2,2,0,1,1,2,2,1,2,1,1
1311,1383b,1383c,3,2,1,3,0,2,1,2,1,1,1,1,1,0,2,2,2,1,1
1312,1461c,1461a,2,4,1,3,2,1,0,3,2,1,0,1,1,2,0,0,1,2,1
1313,1463a,1463c,2,1,1,0,2,2,1,1,1,1,2,1,0,2,2,0,1,2,1
1314,1468b,1468c,3,1,1,2,2,2,1,3,2,1,2,1,3,2,2,0,4,2,1
1315,1137b,1137c,3,1,1,3,2,1,0,0,2,2,2,1,3,2,2,0,3,2,1
1316,1343a,1343b,2,0,1,0,2,1,0,0,2,2,1,1,0,2,3,1,4,2,1
1317,0564b,0564c,2,2,1,2,0,2,1,1,1,0,1,1,1,1,1,0,3,2,1
1318,0321c,0321b,2,1,1,2,2,2,0,2,2,3,2,1,3,2,2,1,4,2,1
1319,0327c,0327a,1,1,1,1,2,1,1,2,1,3,1,1,1,2,0,0,4,2,1
1320,1231a,1231c,1,2,1,0,2,2,1,0,2,1,4,1,3,2,2,1,3,2,1
1321,0969a,0969b,2,2,1,1,2,2,1,2,1,2,0,1,1,2,1,1,2,1,1
1322,1377a,1377b,2,2,1,3,0,3,0,2,2,0,1,1,0,1,2,1,0,2,1
1323,0584a,0584c,1,1,1,1,2,2,0,0,2,0,1,1,0,2,2,0,1,2,1
1324,1394a,1394b,2,1,1,3,2,2,1,1,1,3,1,0,1,2,1,1,3,2,1
1325,1417c,1417b,1,1,1,3,2,2,1,2,1,3,4,1,0,2,3,0,3,2,1
1326,1090c,1090a,0,0,1,3,2,2,0,1,2,2,0,1,1,2,1,0,1,1,1
1327,1508b,1508c,1,1,1,0,2,1,1,0,1,1,4,1,1,0,2,0,0,2,1
1328,1538a,1538c,1,1,1,3,2,3,1,2,1,0,2,1,0,2,1,1,0,2,1
1329,1360a,1360c,3,1,0,2,2,2,0,2,2,0,1,1,2,1,2,1,1,1,1
1330,1248a,1248c,2,1,1,3,2,2,1,4,2,1,1,1,1,2,2,1,2,2,1
1331,1119a,1119b,1,1,1,0,0,2,0,1,2,1,1,1,3,2,3,0,1,2,1
1332,1325a,1325c,3,1,1,0,1,2,0,1,2,1,4,1,3,2,3,1,2,2,1
1333,1482b,1482a,1,1,1,3,2,2,1,0,2,2,4,1,3,2,2,3,1,2,1
1334,1121a,1121c,2,1,1,3,2,2,0,1,2,1,1,1,0,2,2,0,1,2,1
1335,0431c,0431a,2,0,1,0,2,2,2,3,2,3,2,1,3,1,2,3,2,2,1
1336,1450b,1450c,2,2,1,3,2,3,0,3,2,3,0,1,1,2,1,1,3,2,1
1337,1252b,1252c,2,2,1,3,2,2,1,1,2,1,2,1,0,2,2,1,1,1,1
1338,0496d,0496e,2,1,1,1,2,2,0,1,1,2,1,0,1,2,3,0,2,2,1
1339,1511b,1511c,0,1,0,2,2,2,0,2,2,1,1,0,1,0,3,1,0,1,1
1340,1271a,1271b,1,1,1,2,0,1,1,4,1,3,4,2,2,0,2,1,3,2,1
1341,1416b,1416a,2,0,1,0,2,2,1,2,2,1,1,1,3,2,1,0,4,2,1
1342,0518b,0518c,1,1,1,0,0,1,1,2,1,3,4,1,1,2,3,0,4,2,1
1343,1286a,1286c,1,2,1,3,2,1,1,3,2,2,1,1,1,2,1,3,3,2,1
1344,0525a,0525c,1,2,1,3,2,1,1,1,1,1,1,1,2,2,1,2,1,1,1
1345,1545a,1545c,0,1,1,0,2,2,1,2,2,2,1,1,3,2,3,0,1,2,1
1346,0323a,0323b,3,4,2,4,2,2,3,2,2,3,0,0,1,0,3,1,1,1,1
1347,0338a,0338c,2,4,1,0,2,3,0,1,2,0,1,1,3,2,2,1,2,1,1
1348,1164a,1164b,2,1,0,2,2,1,1,1,2,2,1,1,2,1,2,1,1,2,1
1349,1494a,1494b,1,0,1,1,2,2,0,1,2,2,1,1,0,2,1,1,4,2,1
1350,0927a,0927c,1,0,1,0,0,2,0,2,1,2,1,0,2,2,1,0,1,2,1
1351,0531a,0531b,2,2,1,1,2,2,0,3,2,2,0,1,3,2,1,0,2,2,1
1352,1432a,1432b,2,4,1,0,2,1,0,1,2,3,1,1,0,1,2,1,4,2,1
1353,1496a,1496c,2,4,1,1,2,1,0,4,2,2,1,1,1,0,2,2,2,1,1
1354,1363b,1363a,0,1,1,1,0,2,0,2,1,0,0,1,1,2,3,2,3,2,1
1355,1344a,1344b,1,1,1,0,2,3,0,3,2,3,4,1,3,2,2,0,2,2,1
1356,1513b,1513a,2,0,1,3,2,3,0,2,2,2,0,1,3,2,3,0,3,2,1
1357,0405c,0405b,1,0,1,1,2,2,1,2,1,1,0,1,4,0,2,0,1,2,1
1358,1409b,1409a,1,1,1,3,2,3,3,1,2,3,4,1,3,0,2,0,4,2,1
1359,0324b,0324c,0,1,1,3,0,2,1,1,1,1,1,0,4,2,2,0,3,2,1
1360,1341b,1341c,2,4,1,0,2,3,0,2,2,2,1,1,2,2,2,1,4,2,1
1361,1377b,1377c,0,1,1,0,1,2,1,0,2,2,1,0,2,2,3,0,3,2,1
1362,0414a,0414b,3,2,1,0,2,2,0,2,2,1,1,1,0,2,1,1,1,2,1
1363,1416a,1416c,1,1,1,3,2,1,0,4,2,1,4,1,3,2,3,1,4,2,1
1364,0577b,0577c,2,1,0,3,2,2,1,2,2,1,1,1,1,2,3,0,0,2,1
1365,0451a,0451c,2,1,1,0,2,1,0,0,2,1,0,1,1,2,2,0,2,1,1
1366,1421a,1421b,1,0,1,0,2,2,3,3,2,3,1,1,3,2,2,2,2,1,1
1367,1294a,1294b,1,0,1,0,2,1,0,0,1,1,1,1,0,2,0,0,3,2,1
1368,1475a,1475b,1,1,0,0,2,2,1,2,2,3,1,0,3,2,2,0,3,2,1
1369,0411c,0411a,2,1,1,3,2,1,0,4,2,3,1,1,0,2,1,1,4,2,1
1370,1484b,1484c,1,1,1,0,2,1,1,2,1,1,1,1,0,0,1,2,2,1,1
1371,1441b,1441c,2,0,1,0,0,2,0,2,2,1,1,1,1,2,2,1,1,1,1
1372,0565a,0565b,2,1,1,3,2,2,1,1,2,2,1,1,0,2,2,1,3,2,1
1373,1458a,1458b,0,1,1,3,2,2,1,1,2,1,1,1,0,2,2,1,2,1,1
1374,0587b,0587c,0,1,1,0,2,1,1,0,1,1,4,0,3,2,3,1,3,2,1
1375,1554a,1554c,2,1,1,2,2,1,0,1,2,3,0,1,3,2,2,1,1,2,1
1376,1284a,1284b,2,1,1,0,2,2,1,4,2,1,1,1,3,0,2,0,1,2,1
1377,1127a,1127b,1,1,1,3,2,2,1,3,2,3,1,1,0,2,2,1,0,2,1
1378,1451c,1451b,0,0,1,0,2,2,0,0,2,3,1,1,3,2,3,3,3,2,1
1379,1463b,1463c,3,1,1,3,2,1,0,1,2,1,2,1,0,2,2,0,1,2,1
1380,0367a,0367c,2,1,1,0,2,2,0,4,2,3,1,1,3,2,2,0,1,2,1
1381,1461b,1461c,2,2,1,0,2,1,0,0,2,2,4,1,3,2,1,0,3,2,1
1382,0327c,0327b,1,1,1,1,2,1,1,2,1,0,1,1,1,1,2,0,3,2,1
1383,1497a,1497c,0,4,1,0,2,2,1,3,2,2,0,1,3,2,2,3,4,2,1
1384,0351a,0351b,1,2,0,0,2,2,0,3,2,1,1,1,1,3,2,1,3,2,1
1385,0331b,0331a,3,1,1,0,2,2,0,0,2,3,1,0,0,2,2,3,2,2,1
1386,1486a,1486b,1,0,1,0,2,2,0,1,2,2,0,1,0,2,3,1,4,2,1
1387,0457a,0457c,2,3,1,3,2,2,0,1,2,0,2,1,0,0,2,0,3,2,1
1388,1257b,1257c,3,4,1,0,2,2,0,3,2,0,1,1,3,2,2,0,4,2,1
1389,1417b,1417a,3,4,1,0,2,3,0,3,2,1,1,0,0,2,3,1,3,2,1
1390,0457a,0457b,2,3,1,3,2,2,0,1,2,1,4,0,1,0,2,0,1,1,1
1391,0324b,0324a,0,1,1,3,0,2,1,1,1,0,2,1,0,1,2,1,3,2,1
1392,0348a,0348c,3,0,1,0,2,1,0,4,2,3,1,0,2,2,2,3,3,2,1
1393,1268b,1268c,1,1,1,0,2,2,1,3,1,2,1,1,3,2,3,0,4,2,1
1394,1552a,1552b,3,0,1,1,2,2,1,1,2,2,1,1,3,2,1,1,1,1,1
1395,1229b,1229c,1,1,1,3,2,2,0,2,2,2,1,0,0,2,2,1,2,2,1
1396,1375b,1375a,1,4,1,3,2,2,0,3,2,1,0,1,1,2,2,0,3,2,1
1397,0950a,0950b,2,1,1,3,0,2,2,2,1,1,0,1,3,0,1,0,3,2,1
1398,0565b,0565c,2,1,1,0,2,2,1,3,2,2,1,1,1,2,2,0,1,2,1
1399,1504c,1504b,0,1,1,0,2,1,0,2,1,3,1,1,3,1,2,0,4,2,1
1400,1120a,1120b,2,1,1,3,2,2,0,2,2,1,1,1,0,2,2,0,2,2,1
1401,1236a,1236c,3,0,1,3,2,2,0,3,2,1,1,1,1,2,3,0,1,2,1
1402,0564a,0564c,2,1,1,0,2,3,3,2,1,0,1,1,1,1,1,0,3,2,1
1403,0414b,0414c,1,1,1,0,2,1,1,1,2,0,1,1,0,2,2,1,3,2,1
1404,1394a,1394c,2,1,1,3,2,2,1,1,1,3,2,1,0,2,2,3,2,1,1
1405,0492a,0492c,3,4,1,1,2,2,0,4,2,2,0,1,1,2,1,0,1,2,1
1406,1286b,1286c,3,4,1,0,2,3,0,4,2,2,1,1,1,2,1,3,3,2,1
1407,1289a,1289b,2,1,1,0,2,3,0,3,2,1,4,1,3,2,2,0,2,2,1
1408,1319a,1319c,2,0,1,0,2,2,3,4,2,1,0,1,0,2,0,1,4,2,1
1409,1344b,1344c,3,4,1,3,2,2,0,2,2,3,1,1,3,2,2,1,4,2,1
1410,1448a,1448b,2,1,1,0,2,1,0,0,1,1,2,1,3,2,2,1,1,2,1
1411,0319c,0319b,2,0,0,0,2,2,0,2,2,1,1,1,1,2,3,0,2,1,1
1412,0488b,0488c,2,0,0,0,2,1,0,0,2,1,4,0,1,2,2,0,4,2,1
1413,1534c,1534a,3,1,1,0,2,1,0,3,2,2,1,1,1,2,3,1,3,2,1
1414,1121a,1121b,2,1,1,3,2,2,0,1,2,2,1,1,0,2,2,0,3,2,1
1415,1498a,1498b,0,1,1,1,2,2,1,2,2,2,1,1,1,0,2,0,1,2,1
1416,1455b,1455c,2,1,1,1,2,2,0,0,2,2,1,1,3,2,2,1,3,2,1
1417,1367a,1367b,2,0,1,1,2,2,3,2,2,1,1,0,1,2,1,0,3,2,1
1418,1197a,1197b,1,4,1,3,0,2,1,0,2,0,0,1,4,2,3,0,4,2,1
1419,0491b,0491c,2,1,1,0,2,1,1,0,2,2,2,1,0,2,2,0,4,2,1
1420,0521b,0521c,1,1,1,0,1,1,0,0,2,3,1,2,1,0,2,1,3,2,1
1421,0579a,0579c,1,0,1,3,2,2,0,1,2,2,1,1,0,2,2,1,0,1,1
1422,1365c,1365a,2,2,1,1,2,2,1,2,2,3,4,1,3,2,1,0,3,2,1
1423,0350b,0350a,2,1,1,3,2,1,1,4,2,3,2,1,0,1,2,1,3,2,1
1424,1194a,1194c,3,1,1,1,2,1,1,2,1,2,1,2,1,2,2,0,3,2,1
1425,0539a,0539c,2,4,1,3,2,2,1,2,2,2,1,1,0,2,2,3,0,2,1
1426,1409a,1409c,3,4,1,3,0,2,0,4,2,0,2,1,0,0,2,1,2,1,1
1427,1300a,1300b,1,1,1,1,2,2,0,1,2,2,1,1,0,2,1,0,2,2,1
1428,0491b,0491a,2,1,1,0,2,1,1,0,2,2,1,1,1,2,1,0,2,1,1
1429,1127b,1127c,3,1,1,0,2,2,1,0,2,2,4,1,0,2,2,0,2,2,1
1430,0351c,0351b,1,0,1,0,2,2,1,2,2,1,1,1,1,3,2,1,3,2,1
1431,0355c,0355a,1,1,1,1,2,1,0,1,2,3,2,1,3,2,3,0,3,2,1
1432,0597b,0597a,2,4,1,3,2,3,0,3,2,3,4,2,0,2,3,3,1,1,1
1433,1366b,1366c,2,2,1,3,2,2,1,2,2,0,1,1,0,2,2,1,1,1,1
1434,1520a,1520c,3,2,1,3,2,2,0,2,2,2,1,1,3,1,2,0,1,2,1
1435,1165b,1165c,0,1,1,2,2,2,1,2,2,3,0,2,4,0,2,3,2,2,1
1436,1424a,1424b,3,4,1,0,2,2,1,2,2,3,1,1,0,0,2,0,0,2,1
1437,0340a,0340c,3,0,1,0,2,3,1,2,2,1,0,1,1,2,1,0,3,2,1
1438,0413a,0413b,1,1,1,1,2,3,0,1,1,1,1,1,3,0,1,2,2,1,1
1439,1565b,1565c,2,1,1,3,0,2,0,2,2,2,1,1,0,2,2,2,2,2,1
1440,0593b,0593c,3,4,1,0,2,2,3,3,2,1,1,1,1,2,3,0,0,1,1
1441,1497b,1497c,2,1,1,0,0,2,1,2,1,2,0,1,3,2,2,3,4,2,1
1442,1377a,1377c,2,2,1,3,0,3,0,2,2,2,1,0,2,2,3,0,3,2,1
1443,0318c,0318b,3,2,1,3,2,2,0,4,2,1,2,1,0,0,2,0,0,2,1
1444,1465a,1465c,3,4,1,0,2,2,3,2,2,1,2,0,2,2,2,0,2,2,1
1445,1454c,1454a,1,1,1,0,2,2,0,4,2,2,4,1,3,2,2,1,1,2,1
1446,1429b,1429c,2,1,1,0,0,2,0,1,1,0,0,1,3,2,2,0,0,2,1
1447,1393a,1393c,2,4,1,0,2,2,0,4,2,1,4,1,0,2,2,1,2,2,1
1448,1309b,1309c,2,2,1,3,2,2,0,0,2,1,1,0,1,0,1,0,2,1,1
1449,0355a,0355b,3,2,1,3,2,3,0,3,2,1,4,1,0,0,2,1,1,1,1
1450,1483a,1483b,2,1,1,3,2,3,0,3,2,3,4,1,0,2,2,0,1,2,1
1451,1445a,1445c,0,1,1,3,2,2,0,3,2,2,1,1,0,2,3,0,0,2,1
1452,0365b,0365c,2,1,1,3,0,2,0,2,1,0,4,0,3,0,1,1,2,1,1
1453,1365c,1365b,2,2,1,1,2,2,1,2,2,0,4,1,3,2,2,1,0,2,1
1454,1475a,1475c,1,1,0,0,2,2,1,2,2,3,1,1,3,0,1,3,4,2,1
1455,1197c,1197b,1,2,1,0,0,2,0,4,2,0,0,1,4,2,3,0,4,2,1
1456,1364b,1364a,3,1,1,3,2,2,1,1,2,2,1,1,2,0,2,0,3,2,1
1457,0381a,0381c,1,0,1,3,2,2,0,3,2,1,4,1,3,2,3,0,2,2,1
1458,1121b,1121c,2,1,1,0,2,2,0,3,2,1,1,1,0,2,2,0,1,2,1
1459,1253b,1253c,0,1,1,1,2,1,1,1,1,2,0,0,2,2,2,0,0,2,1
1460,0390c,0390a,2,0,1,0,1,2,1,3,2,0,0,1,0,1,2,1,2,2,1
1461,1543a,1543c,3,1,1,0,2,2,0,4,2,1,1,1,1,2,2,0,2,1,1
1462,1320a,1320b,1,1,1,3,2,1,0,3,2,3,1,1,0,2,1,0,0,2,1
1463,1091c,1091a,2,4,0,2,2,2,0,2,2,3,1,2,4,2,2,3,4,2,1
1464,1447a,1447c,2,1,1,3,2,1,1,0,2,1,1,0,1,2,2,2,2,2,1
1465,1453a,1453b,1,1,1,3,2,2,0,4,2,3,1,1,3,2,2,1,2,2,1
1466,1391c,1391b,2,1,1,0,2,2,1,1,2,3,4,1,0,2,2,1,4,2,1
1467,0405c,0405a,1,0,1,1,2,2,1,2,1,3,0,1,0,2,3,1,2,1,1
1468,0375a,0375c,3,0,1,3,2,2,0,4,2,2,4,1,4,2,2,2,1,1,1
1469,0469a,0469c,2,3,1,1,2,2,3,4,2,2,0,1,1,0,2,3,0,1,1
1470,1237a,1237c,2,1,0,1,2,2,0,1,2,2,1,0,2,2,2,0,1,2,1
1471,0503a,0503b,2,1,1,0,2,3,0,2,2,2,1,1,1,2,2,1,1,2,1
1472,0379b,0379c,3,1,1,0,2,2,0,3,2,2,1,1,2,2,2,0,3,2,1
1473,0354b,0354c,3,1,1,0,2,3,1,4,2,1,0,0,1,0,1,3,2,2,1
1474,1123b,1123a,0,2,1,0,2,2,1,1,2,2,1,2,1,0,1,1,2,1,1
1475,1294b,1294c,1,1,1,0,2,0,0,3,2,3,0,1,3,2,3,1,0,2,1
1476,1219a,1219b,3,1,1,1,2,1,0,0,2,2,0,1,0,2,1,0,3,2,1
1477,1155b,1155a,1,1,1,3,0,1,1,2,1,1,1,0,2,2,1,1,0,2,1
1478,1289b,1289c,1,4,1,3,2,2,0,2,2,1,1,1,3,2,2,1,4,2,1
1479,0307b,0307c,3,0,1,0,2,2,1,2,2,1,1,1,1,2,2,2,3,2,1
1480,1547b,1547c,2,0,1,1,2,1,0,2,2,2,0,1,3,2,3,0,0,2,1
1481,0969c,0969b,3,4,1,3,2,2,2,3,2,2,0,1,1,2,1,1,2,1,1
1482,1406b,1406c,1,0,0,1,0,2,2,2,2,1,0,1,4,0,2,3,2,2,1
1483,1366a,1366b,3,1,1,0,2,1,1,1,2,2,2,1,3,2,2,1,2,2,1
1484,0555b,0555c,1,1,1,0,1,2,0,2,2,3,0,1,1,2,2,0,4,2,1
1485,1181a,1181c,1,0,1,0,2,1,0,2,2,2,2,1,0,0,3,0,4,2,1
1486,1468a,1468c,1,1,1,2,2,2,0,0,2,1,2,1,3,2,2,0,4,2,1
1487,1231a,1231b,1,2,1,0,2,2,1,0,2,0,0,1,0,2,2,0,1,2,1
1488,1413a,1413c,2,1,1,1,2,3,0,1,2,1,4,1,3,2,2,1,2,2,1
1489,0375a,0375b,3,0,1,3,2,2,0,4,2,1,3,0,1,0,2,0,2,1,1
1490,1501b,1501a,3,1,1,2,2,1,1,0,1,1,3,1,0,2,3,1,3,2,1
1491,1240b,1240c,1,1,1,1,0,1,0,3,2,2,1,0,0,2,3,1,1,2,1
1492,0577a,0577b,2,1,1,0,2,2,0,1,2,2,1,0,3,2,2,1,2,2,1
1493,1129a,1129b,3,1,1,0,2,2,3,1,2,3,1,1,0,2,2,1,4,1,1
1494,0373a,0373c,3,0,1,0,0,2,0,2,2,3,0,1,3,2,3,1,4,2,1
1495,1344a,1344c,1,1,1,0,2,3,0,3,2,3,1,1,3,2,2,1,4,2,1
1496,0451a,0451b,2,1,1,0,2,1,0,0,2,2,1,1,3,0,2,1,2,1,1
1497,0593a,0593c,3,1,1,0,2,2,3,0,2,1,1,1,1,2,3,0,0,1,1
1498,1455a,1455b,3,1,1,0,2,2,1,2,2,2,1,1,1,2,2,0,0,2,1
1499,1255a,1255c,1,1,1,0,2,2,1,0,1,2,1,1,0,1,2,0,2,2,1
1500,1153b,1153c,0,4,1,3,2,2,1,2,2,2,1,1,0,1,2,0,1,2,1
1501,1302b,1302c,3,1,1,0,2,2,0,2,2,2,1,1,3,2,2,0,3,2,1
1502,0560a,0560b,2,4,1,0,0,2,0,3,2,0,1,1,0,2,2,1,0,1,1
1503,1521c,1521b,0,1,1,2,2,2,1,0,2,3,1,1,3,0,2,3,3,2,1
1504,1260a,1260b,0,1,1,1,2,2,0,4,2,2,1,1,1,2,1,1,0,2,1
1505,0576c,0576b,2,4,1,1,2,2,0,2,2,1,1,1,3,0,2,3,0,2,1
1506,1382c,1382b,2,2,1,0,2,2,0,1,2,2,1,1,0,0,2,0,0,2,1
1507,0368b,0368c,3,0,1,3,0,2,1,2,2,3,1,0,2,2,3,2,2,2,1
1508,0324c,0324a,1,1,0,4,2,2,0,3,2,0,2,1,0,1,2,1,3,2,1
1509,0422a,0422b,1,1,1,0,2,1,0,0,2,2,4,1,0,2,2,0,3,2,1
1510,1329a,1329c,1,1,1,3,2,1,1,3,2,0,1,1,0,2,2,3,0,2,1
1511,1305b,1305c,2,1,1,0,2,2,1,2,2,1,1,1,3,2,2,0,1,2,1
1512,1545b,1545c,2,1,1,0,0,2,0,1,2,2,1,1,3,2,3,0,1,2,1
1513,1433a,1433c,2,2,1,0,2,2,1,0,2,1,4,1,0,2,2,1,0,2,1
1514,0496c,0496e,3,4,1,3,2,2,0,1,2,2,1,0,1,2,3,0,2,2,1
1515,0592b,0592c,1,2,1,1,2,2,0,2,2,1,2,1,1,2,3,0,3,2,1
1516,0927b,0927c,1,4,1,1,2,3,1,1,2,2,1,0,2,2,1,0,1,2,1
1517,0401b,0401c,2,0,2,3,2,3,3,2,2,1,3,1,3,0,3,0,4,2,1
1518,0355c,0355b,1,1,1,1,2,1,0,1,2,1,4,1,0,0,2,1,1,1,1
1519,1382b,1382a,2,1,1,0,0,2,0,0,2,2,0,1,0,2,2,1,3,2,1
1520,1180a,1180c,2,1,1,2,2,2,1,1,2,2,4,1,0,2,3,0,3,2,1
1521,1127a,1127c,1,1,1,3,2,2,1,3,2,2,4,1,0,2,2,0,2,2,1
1522,1488a,1488b,1,1,1,0,2,3,0,0,2,2,2,1,0,0,2,1,1,1,1
1523,0489c,0489b,1,1,1,1,2,2,1,2,1,1,0,1,0,2,3,3,4,2,1
1524,0552b,0552c,2,0,1,3,2,2,0,0,2,1,2,1,0,2,2,0,2,2,1
1525,0924a,0924b,2,2,1,3,1,2,1,2,2,1,0,1,3,0,2,1,0,1,1
1526,0594a,0594b,3,2,1,0,2,2,1,4,2,0,0,0,3,2,0,0,3,2,1
1527,1411a,1411c,2,0,1,1,2,2,1,1,2,0,1,1,3,2,3,0,2,2,1
1528,0473b,0473c,1,4,1,1,0,3,0,3,2,1,1,1,3,2,3,2,4,1,1
1529,1365a,1365b,3,4,1,3,2,1,0,3,2,0,4,1,3,2,2,1,0,2,1
1530,0593a,0593b,3,1,1,0,2,2,3,0,2,3,4,1,0,2,2,3,3,2,1
1531,0492a,0492b,3,4,1,1,2,2,0,4,2,2,0,1,0,2,1,1,3,2,1
1532,0374c,0374a,2,1,1,3,2,2,3,0,2,2,2,0,0,2,1,3,3,2,1
1533,1181b,1181c,2,1,0,2,2,1,1,0,2,2,2,1,0,0,3,0,4,2,1
1534,0560c,0560a,1,1,1,0,2,1,1,0,2,2,4,1,0,0,2,0,3,2,1
1535,1443c,1443b,0,1,1,1,2,1,1,2,1,2,1,1,2,0,2,2,0,1,1
1536,0552a,0552c,2,1,1,0,2,2,1,2,1,1,2,1,0,2,2,0,2,2,1
1537,0334a,0334c,2,0,1,0,2,3,0,0,2,1,4,1,3,0,2,0,0,2,1
1538,1303a,1303b,3,4,1,0,0,2,0,4,2,3,1,0,2,2,2,0,3,2,1
1539,0518a,0518b,2,1,1,0,0,2,2,1,1,1,1,1,0,0,1,1,2,1,1
1540,0531a,0531c,2,2,1,1,2,2,0,3,2,1,4,1,1,2,2,0,3,2,1
1541,0333c,0333a,3,2,1,1,2,1,1,1,2,2,1,1,3,2,1,2,0,1,1
1542,1352b,1352c,2,1,1,3,2,2,2,1,2,2,2,1,0,2,2,1,2,2,1
1543,1362b,1362c,2,1,1,3,2,2,0,4,2,3,0,1,0,2,2,0,2,2,1
1544,1408c,1408a,0,1,1,0,0,2,0,2,1,3,1,0,3,2,1,0,3,2,1
1545,0569c,0569a,1,1,1,0,2,2,3,3,2,1,1,0,2,2,3,0,3,2,1
1546,0517b,0517c,3,0,1,3,0,1,0,3,2,1,1,1,3,0,2,3,2,1,1
1547,1164c,1164b,3,1,1,3,2,3,0,2,2,2,1,1,2,1,2,1,1,2,1
1548,0367a,0367b,2,1,1,0,2,2,0,4,2,1,1,1,0,2,2,1,2,2,1
1549,1442a,1442c,3,2,1,0,2,2,0,1,2,1,1,1,0,0,2,0,2,1,1
1550,0363c,0363a,1,1,1,0,2,2,3,0,2,0,0,1,1,2,2,1,1,2,1
1551,1198a,1198b,3,0,2,4,2,2,0,4,2,1,0,1,3,2,0,2,2,1,1
1552,1176b,1176a,1,4,1,1,2,2,0,2,2,2,0,2,4,2,2,1,3,2,1
1553,0517b,0517a,3,0,1,3,0,1,0,3,2,3,0,1,0,2,0,1,1,2,1
1554,0302a,0302c,2,0,1,1,0,2,1,1,1,3,1,0,2,2,3,0,3,2,1
1555,1533c,1533a,1,2,1,3,2,1,0,1,1,3,3,0,3,2,2,0,3,2,1
1556,1099a,1099c,2,1,1,3,0,2,2,3,2,2,4,0,2,2,2,0,3,2,1
1557,1358a,1358c,2,1,1,1,1,2,0,4,2,3,4,1,1,2,3,1,1,2,1
1558,0577a,0577c,2,1,1,0,2,2,0,1,2,1,1,1,1,2,3,0,0,2,1
1559,1492a,1492b,1,1,1,3,2,1,0,0,2,2,2,1,0,2,2,0,0,2,1
1560,1492a,1492c,1,1,1,3,2,1,0,0,2,1,1,1,3,2,3,0,2,2,1
1561,1204a,1204b,0,0,1,0,2,2,1,0,2,2,1,1,3,1,3,0,4,2,1
1562,1481a,1481c,3,1,1,1,2,2,0,3,2,2,1,1,3,2,1,0,0,2,1
1563,0536a,0536b,2,1,1,0,2,3,0,4,2,1,0,1,2,2,2,0,3,2,1
1564,0348a,0348b,3,0,1,0,2,1,0,4,2,1,1,1,1,0,1,0,2,1,1
1565,1547a,1547b,2,4,1,1,2,1,0,2,2,2,0,1,1,2,1,0,2,2,1
1566,0507b,0507c,0,1,1,3,2,1,1,4,2,3,4,1,1,2,1,0,1,2,1
1567,0396c,0396b,3,1,1,0,2,2,3,2,2,2,1,0,1,2,2,1,3,2,1
1568,0451b,0451c,2,1,1,3,0,2,1,2,1,1,0,1,1,2,2,0,2,1,1
1569,0510c,0510b,3,1,1,1,2,1,1,0,2,0,1,1,3,0,3,3,3,1,1
1570,0600b,0600c,0,1,1,3,2,2,0,1,2,3,1,1,3,2,2,1,0,2,1
1571,0460b,0460c,1,4,0,0,2,3,3,3,2,2,4,2,1,2,2,2,1,2,1
1572,0431c,0431b,2,0,1,0,2,2,2,3,2,3,0,2,1,2,3,0,2,2,1
1573,1129c,1129b,1,2,1,3,2,2,0,2,2,3,1,1,0,2,2,1,4,1,1
1574,1155b,1155c,1,1,1,3,0,1,1,2,1,1,0,1,0,2,0,0,3,2,1
1575,1289a,1289c,2,1,1,0,2,3,0,3,2,1,1,1,3,2,2,1,4,2,1
1576,1510c,1510a,2,1,1,1,2,2,0,3,2,1,1,1,0,2,1,0,3,2,1
1577,0537a,0537c,3,1,1,3,2,2,2,1,2,2,2,1,3,2,2,2,0,1,1
1578,1248b,1248c,3,1,1,1,2,2,0,0,2,1,1,1,1,2,2,1,2,2,1
1579,1140a,1140b,3,4,0,2,2,1,1,3,2,0,0,1,3,0,1,1,2,1,1
1580,1196b,1196c,0,2,1,0,2,2,1,2,1,1,1,1,1,2,3,3,3,2,1
1581,1463a,1463b,2,1,1,0,2,2,1,1,1,3,1,1,3,2,1,0,1,2,1
