,0,1,2,3,4,5,6,7,8,9,10,11
0,1421a,0488b,1,0,1,0,0,1,3,3,0,0
1,1099a,0525b,0,2,1,3,2,0,2,0,0,0
2,1447b,1363b,1,3,0,1,2,0,2,1,0,0
3,0594a,1107c,3,0,0,3,0,0,0,4,0,0
4,1528c,0474b,2,0,0,0,0,1,3,3,0,0
5,1375b,1178c,1,0,0,0,2,0,1,3,0,0
6,0350a,0564c,3,1,0,1,0,1,1,0,0,0
7,1367c,1538b,1,1,0,0,2,2,0,2,1,0
8,1483a,1433c,1,3,0,3,0,1,1,3,0,0
9,1521a,0374c,0,1,0,3,0,0,2,1,0,0
10,1364c,1441b,0,2,0,0,2,0,1,1,0,0
11,1245c,0923c,0,1,0,1,0,1,1,0,0,0
12,0551c,0923a,1,1,0,1,1,0,0,0,0,0
13,0334b,0461b,0,1,0,0,0,0,1,1,1,0
14,1365c,0353b,0,1,0,0,0,1,0,0,1,0
15,0337a,1506a,0,0,1,0,2,0,2,2,1,0
16,0451a,1426c,1,1,0,0,0,2,1,2,0,0
17,0525c,1174b,1,1,0,1,1,1,1,3,1,0
18,1382c,1343a,0,2,0,0,0,1,0,1,0,0
19,1090a,1511c,1,1,1,0,2,2,1,1,0,0
20,0485b,1533a,1,2,1,3,1,1,0,1,0,0
21,0424a,1134a,1,2,0,0,0,0,1,1,0,0
22,1368b,0924c,3,0,0,1,0,1,1,3,1,0
23,1352b,0496e,0,0,1,2,0,1,2,1,0,0
24,0338a,1465b,2,3,0,1,0,2,1,1,0,0
25,1193a,1098a,1,3,1,2,2,2,0,0,1,0
26,1234b,1449c,2,1,0,1,2,0,2,2,1,0
27,1335b,0525b,0,1,1,0,0,0,3,1,0,0
28,0458c,1567b,0,1,1,2,0,0,0,3,0,0
29,0357a,1098a,3,3,1,0,2,2,1,2,1,0
30,1329c,0938b,2,0,1,2,0,1,2,2,0,0
31,1204a,0492a,3,4,0,1,0,0,1,4,0,0
32,0314b,0318c,3,2,0,3,0,0,0,2,0,0
33,1325a,0563a,2,0,0,1,1,0,0,1,1,0
34,1255a,0564a,1,0,0,0,0,1,2,2,0,0
35,1446a,1375a,0,1,0,2,0,0,1,1,0,0
36,0350b,1123b,2,1,0,3,0,1,0,3,0,0
37,1314a,0330a,0,1,0,0,0,1,2,3,1,0
38,1543b,1341b,0,3,0,2,0,1,1,2,0,0
39,1510b,1237c,1,0,1,2,0,0,1,1,0,0
40,1543a,1394a,1,0,0,3,0,0,1,3,1,0
41,0579c,0327c,1,0,0,1,0,1,0,2,0,0
42,1335b,0405c,1,2,0,1,0,0,2,0,1,0
43,0897c,1394c,1,2,0,3,0,1,2,1,1,0
44,0322b,0385a,1,1,0,1,1,1,3,1,0,0
45,1178a,0350c,1,4,0,3,1,1,0,1,0,0
46,0477a,0507b,2,0,0,2,0,0,1,4,0,0
47,1538b,1181b,0,1,1,1,2,1,1,1,1,0
48,1262a,1259a,1,0,1,3,0,0,1,1,0,0
49,0600a,1448a,0,0,0,0,0,0,0,3,1,0
50,1149c,0375b,0,2,1,2,2,1,3,1,1,0
51,1429a,0330a,0,2,0,1,0,0,1,1,0,0
52,0924b,1219c,1,4,1,2,2,1,1,1,1,0
53,0456a,1334c,1,3,1,1,0,1,1,1,0,0
54,0600a,0414a,1,1,0,0,0,1,0,1,0,0
55,0552a,1444b,1,1,0,1,0,0,1,2,0,0
56,1164c,0402b,0,3,0,0,0,1,1,0,0,0
57,0459b,1271c,2,1,1,4,0,1,1,1,0,0
58,1257b,0472a,0,3,0,3,0,1,0,3,0,0
59,0491c,1358b,1,2,1,1,0,0,0,3,0,0
60,1260a,0321b,3,1,0,2,0,0,1,0,0,0
61,1382a,1240c,0,1,1,0,0,1,0,2,0,0
62,0380a,0405a,2,4,0,3,0,1,2,1,1,0
63,1422a,1363a,3,4,1,2,2,1,1,0,0,0
64,1107c,0304a,2,1,0,2,0,2,0,2,0,0
65,0550b,1426a,1,0,0,1,0,0,1,2,1,0
66,1335a,1374b,1,0,0,0,0,1,2,1,1,0
67,0374b,1367a,1,4,0,2,0,0,3,1,0,0
68,1227b,1237c,1,0,1,1,0,1,0,3,0,0
69,1303c,0537b,1,3,1,3,2,0,1,0,0,0
70,1554a,0553b,0,0,0,2,2,1,1,0,1,0
71,1447a,1421b,1,0,0,0,0,1,1,2,1,0
72,1430b,1506a,1,0,1,2,1,0,1,3,0,0
73,1475b,1373a,0,3,1,0,0,0,2,2,0,0
74,0445a,1286b,1,2,0,0,2,1,0,1,0,0
75,0924c,1152a,3,3,1,2,0,0,2,1,1,0
76,0335a,1475b,2,0,1,1,0,0,1,3,0,0
77,0584a,1091b,0,0,0,1,0,0,2,1,1,0
78,0306a,1364c,1,1,0,2,0,0,1,2,0,0
79,1408a,0311c,3,1,1,3,2,1,2,2,1,0
80,1259a,0892c,2,2,0,2,0,1,0,3,0,0
81,1484c,0347a,1,3,0,3,0,2,1,2,0,0
82,1429b,1155b,1,0,0,3,0,1,1,1,0,0
83,0331a,0950a,1,0,1,3,2,0,1,0,1,0
84,1408c,1381a,1,3,1,1,2,0,0,1,1,0
85,1485a,0366b,0,3,1,4,1,0,2,0,0,0
86,0496c,1253a,0,4,0,3,0,0,3,1,0,0
87,1520c,0317b,2,3,1,3,1,0,2,2,0,0
88,0563a,1217b,0,0,0,0,0,0,1,0,0,0
89,1198a,1440b,3,4,2,2,2,0,0,0,1,0
90,1236a,0313c,3,1,0,0,0,0,1,2,1,0
91,1565a,1554c,1,4,0,0,0,0,1,0,0,0
92,0491c,0461b,0,1,0,0,0,0,2,4,1,0
93,1361b,0938b,1,1,1,1,0,1,1,2,0,0
94,0969a,1057b,1,2,1,1,2,0,0,2,0,0
95,0923a,1494c,1,3,0,2,1,1,3,1,0,0
96,0355c,1504b,2,0,0,2,1,1,0,3,0,0
97,1284b,1303a,2,3,0,3,0,0,0,3,0,0
98,1152b,1533b,1,1,0,1,0,0,0,1,0,0
99,1230a,1534a,2,0,0,1,0,1,1,0,0,0
100,0537b,1561b,2,1,1,3,2,0,1,3,1,0
101,0387b,0366b,1,1,2,3,3,1,0,0,1,0
102,1273a,0405a,2,2,0,0,2,1,0,2,1,0
103,1240c,1507b,1,1,1,1,0,1,2,1,0,0
104,0531a,1411c,2,1,0,2,0,1,0,1,0,0
105,0492a,1374a,0,2,1,1,0,1,0,0,0,0
106,0381b,1499b,1,0,0,2,0,1,3,0,0,0
107,1546b,1036c,2,3,0,0,0,1,2,3,0,0
108,0600a,1204a,2,1,0,0,0,1,1,3,0,0
109,0561a,0321b,1,1,0,0,0,1,1,3,0,0
110,0381c,0592c,0,2,0,2,0,0,0,1,0,0
111,0321a,1547a,0,3,0,2,0,0,1,0,1,0
112,1364c,1146b,0,2,0,3,0,1,0,2,0,0
113,0597b,1402b,1,2,0,0,2,1,1,0,0,0
114,0537c,1319c,1,2,0,3,0,2,1,4,1,0
115,1240b,1319c,0,1,0,1,2,1,1,1,0,0
116,1430a,0368c,1,0,1,2,0,0,1,1,0,0
117,0555b,0374a,1,1,1,0,1,1,3,1,0,0
118,0516b,0518a,2,0,1,2,2,0,2,0,1,0
119,1164b,1422a,1,3,1,1,1,0,0,2,0,0
120,1362c,1176b,2,4,0,1,0,0,0,0,0,0
121,0440a,0434c,2,1,0,0,0,1,0,1,0,0
122,0555b,1533a,2,2,1,3,1,0,0,1,0,0
123,1350a,0489a,2,3,1,0,0,0,0,0,1,0
124,1377b,1392a,2,3,0,1,1,0,2,2,1,0
125,1323b,0564c,1,0,1,1,1,0,1,0,0,0
126,1201b,0580b,1,1,1,2,0,1,3,1,0,0
127,0357b,1443b,0,0,1,2,0,0,0,3,1,0
128,0537b,0312b,1,0,0,2,2,0,1,0,0,0
129,1253b,0312b,1,0,1,0,0,1,1,3,1,0
130,0421b,1383b,1,2,0,2,0,0,1,2,1,0
131,0413a,1540c,0,1,0,1,0,1,1,1,0,0
132,0421b,0488b,0,0,1,1,2,1,0,0,0,0
133,1309a,0567b,1,1,0,0,0,0,1,0,1,0
134,1513a,0440a,0,0,1,1,0,1,0,1,0,0
135,1426b,0562a,2,0,0,3,0,1,1,0,0,0
136,0567b,1222a,1,1,1,2,0,1,1,1,1,0
137,1494a,1173c,0,2,0,2,2,0,0,1,0,0
138,1236c,0350b,1,0,0,2,0,2,1,3,0,0
139,1129b,1099c,1,3,1,2,0,0,1,1,1,0
140,1494c,1406b,2,4,1,2,2,1,1,1,0,0
141,0353a,1221c,0,0,0,3,1,2,0,1,0,0
142,1443c,1140a,3,3,1,1,0,0,0,1,1,0
143,1417a,0327b,1,0,1,1,1,1,1,0,0,0
144,0373a,1348c,2,3,0,1,2,0,2,2,1,0
145,1513c,1323b,0,0,1,2,1,1,0,2,0,0
146,0577b,0396b,0,0,0,2,0,0,0,1,0,0
147,1416c,0376c,1,3,1,3,1,1,1,1,0,0
148,0892a,1358a,1,1,0,0,1,1,0,4,0,0
149,1468b,1234b,0,1,0,1,0,1,1,1,0,0
150,1540b,1551b,0,0,0,0,0,1,0,2,1,0
151,1282c,1294b,0,0,1,3,0,2,1,1,0,0
152,1131a,0950a,1,0,0,2,2,1,2,2,1,0
153,1362a,0334a,1,1,0,3,0,1,0,0,0,0
154,0491b,1408a,1,0,1,3,0,0,1,3,0,0
155,0587b,1363a,0,1,0,1,0,2,1,3,1,0
156,1123b,1494c,3,2,0,3,0,1,2,2,0,0
157,1334a,1461c,1,3,0,3,0,2,0,1,0,0
158,0318c,0537c,1,0,0,0,0,0,2,4,1,0
159,1134a,1294a,1,0,0,3,0,1,1,0,1,0
160,0575c,1330b,0,1,0,2,0,1,0,4,0,0
161,0306a,0969a,1,1,0,1,0,0,1,1,1,0
162,1204b,1422a,1,3,1,0,1,1,1,1,0,0
163,1383b,0385c,1,0,0,3,1,0,1,1,1,0
164,1350a,0421a,0,1,0,3,0,0,2,1,1,0
165,1409c,1273c,1,1,0,3,1,1,2,1,1,0
166,1300a,1341a,1,1,0,1,0,0,0,1,0,0
167,1234c,1036c,1,3,1,2,2,1,2,2,0,0
168,0563c,1259b,0,4,0,2,2,2,2,0,1,0
169,0375a,0593b,0,4,0,3,0,0,3,1,0,0
170,0324c,1476c,0,1,1,1,2,0,1,2,1,0
171,1122a,1098a,2,0,1,2,0,0,1,1,0,0
172,1243a,0456b,1,1,0,2,0,0,1,2,1,0
173,0579a,1433c,0,4,0,3,0,0,1,1,0,0
174,0516a,1409c,2,2,0,0,0,1,1,1,1,0
175,0492a,1210a,3,3,0,1,2,0,2,2,1,0
176,1193a,0594b,1,4,1,0,0,3,1,2,0,0
177,0404c,0520a,2,2,0,3,0,1,3,1,0,0
178,0367a,1518a,0,1,0,3,0,0,0,3,0,0
179,1444b,0366b,2,1,1,3,1,0,0,2,1,0
180,0507a,0317a,0,0,1,1,0,1,0,0,0,0
181,0594a,0314c,2,1,0,3,0,2,1,4,0,0
182,1174a,0340c,0,1,0,0,0,2,0,1,0,0
183,0474b,0537c,0,1,0,0,0,1,1,3,1,0
184,1243a,1538b,1,2,0,0,2,0,1,2,1,0
185,1231a,0314c,0,1,0,3,0,2,1,0,0,0
186,0544c,0455c,2,3,0,0,1,1,1,1,1,0
187,0338c,1201a,0,0,0,3,0,0,1,1,1,0
188,1343a,0555b,1,1,0,0,1,1,0,2,0,0
189,1513b,1146b,0,0,0,0,0,2,1,1,0,0
190,1476a,0457c,1,1,0,0,2,1,0,2,1,0
191,1496c,1533a,1,2,1,2,2,0,2,1,1,0
192,1382c,0373a,1,2,0,0,2,0,0,1,0,0
193,1563a,1220b,0,0,0,2,0,0,1,2,1,0
194,1099a,0593b,1,3,0,3,2,0,1,0,0,0
195,0488b,0366b,1,1,2,4,1,1,0,2,0,0
196,0517a,0315a,1,4,1,2,0,3,1,2,0,0
197,1545a,0592b,1,1,0,1,0,0,1,0,0,0
198,1257a,1365a,1,3,0,1,0,0,0,0,0,0
199,0372a,1552b,1,0,0,0,0,0,1,0,0,0
200,0575c,0492c,0,1,0,0,0,2,0,1,0,0
201,0421c,0328b,1,2,0,0,0,1,1,2,1,0
202,1447a,1461b,0,1,0,3,0,0,1,0,0,0
203,1544a,0556c,3,3,1,1,2,1,2,4,1,0
204,0514c,0556c,3,0,0,1,2,1,1,1,1,0
205,1490c,0389c,2,1,0,3,0,0,3,0,0,0
206,1430c,1212c,2,0,0,3,2,1,2,1,1,0
207,1364b,1152b,1,0,0,2,0,1,1,2,0,0
208,0412b,1508c,2,0,0,2,2,0,3,0,0,0
209,1430a,0488b,0,1,1,0,0,2,3,3,0,0
210,0386a,1140b,1,2,0,3,0,1,2,2,1,0
211,1510b,0354b,2,0,0,0,0,1,0,4,0,0
212,1267c,1521c,1,1,0,2,0,0,1,1,1,0
213,1171a,0570a,1,1,1,0,2,1,1,3,0,0
214,1155c,1125b,0,1,1,4,1,2,1,1,1,0
215,1240b,0473c,0,0,0,2,2,2,2,1,1,0
216,1409b,1219c,1,3,1,2,0,0,3,0,0,0
217,0411a,1477a,0,1,0,3,0,0,0,4,0,0
218,1219a,1303a,0,3,0,1,2,1,0,4,0,0
219,0491a,1221c,0,0,0,1,0,1,0,1,1,0
220,0896a,1240c,1,0,1,1,0,0,1,2,0,0
221,1323a,1108b,0,2,1,1,0,2,2,3,0,0
222,1426b,0458c,1,1,0,0,0,1,0,1,0,0
223,1391a,1140a,0,0,1,1,0,2,1,0,0,0
224,1484b,0518c,2,3,0,1,0,2,1,2,1,0
225,1383c,1259a,0,3,1,1,2,1,1,1,1,0
226,1411a,1429a,1,2,0,1,0,0,0,1,1,0
227,0458c,0363b,2,1,0,1,0,1,0,2,1,0
228,1086c,1500a,1,3,0,3,2,2,0,1,1,0
229,1129a,1371c,1,0,0,0,0,1,1,2,0,0
230,0535a,0358b,2,2,0,1,1,0,1,1,1,0
231,1432c,1547c,0,2,0,3,0,1,0,2,0,0
232,1485a,1196a,3,3,0,3,0,0,0,1,1,0
233,0969a,0366b,1,1,1,3,1,0,1,0,1,0
234,1229b,1461b,1,1,0,3,0,1,0,2,0,0
235,0567b,0507a,0,1,0,3,2,0,0,0,0,0
236,1091b,0351b,0,0,0,1,1,0,1,2,1,0
237,0485b,0916a,1,0,0,0,1,1,2,1,1,0
238,1430a,0434c,2,0,1,2,0,0,3,0,0,0
239,0537a,0536b,2,1,0,1,0,0,2,2,0,0
240,0600a,1134a,0,1,0,3,0,1,1,3,0,0
241,0549b,1224b,2,3,2,2,1,0,0,0,0,0
242,0538a,1406c,1,1,1,1,2,0,2,2,0,0
243,1446a,1454b,1,0,0,0,0,0,0,2,0,0
244,0449c,1240a,0,0,0,0,0,1,3,1,0,0
245,1370a,0456b,2,0,0,2,2,0,0,0,1,0
246,0363a,1221c,2,1,0,1,0,2,1,2,0,0
247,1197a,0569a,0,3,1,1,2,1,1,3,0,0
248,1520a,0338c,3,1,0,0,0,0,1,0,1,0
249,1381a,0315a,1,0,0,1,0,1,0,2,0,0
250,1540b,1320b,2,0,0,0,0,1,1,3,0,0
251,0461a,1441c,2,0,0,2,2,0,1,1,1,0
252,1227a,0507a,0,0,0,0,2,1,1,1,1,0
253,0458c,0431c,1,0,0,0,0,0,2,0,0,0
254,0440c,0405a,0,4,0,0,0,2,1,2,1,0
255,0593b,1477b,2,3,0,1,2,0,3,2,1,0
256,1123c,1533a,0,1,1,0,0,0,1,1,0,0
257,1330a,1409a,0,2,0,0,2,0,0,4,0,0
258,1208a,0941c,1,4,1,4,2,1,1,1,0,0
259,1343a,1217b,1,1,0,1,2,1,1,2,1,0
260,1502b,1334c,0,0,0,0,0,1,1,2,0,0
261,1303c,0538a,1,3,1,3,0,0,1,0,0,0
262,1496a,1217b,1,3,0,0,2,1,1,2,1,0
263,1122a,0892c,1,1,1,1,2,1,1,2,1,0
264,0321b,0911c,1,2,1,0,0,1,2,2,0,0
265,0379b,0531b,1,1,0,3,0,1,0,1,0,0
266,1394c,1125b,2,1,1,4,1,0,2,0,0,0
267,1487a,0539c,0,0,0,3,0,1,3,2,0,0
268,1563a,1303b,3,0,1,1,0,1,0,3,0,0
269,1099a,1155b,1,0,0,0,0,1,1,1,1,0
270,0334c,1506a,1,3,1,0,0,0,1,0,0,0
271,0373b,1484c,1,0,0,1,2,0,2,2,0,0
272,1257a,1086c,0,0,0,1,2,0,1,1,1,0
273,0414a,0334a,1,2,0,0,0,1,0,2,0,0
274,0592b,1097a,2,0,0,1,0,0,0,2,0,0
275,0475a,0888c,0,0,0,2,2,0,0,3,1,0
276,1416a,1240a,0,1,0,0,0,1,3,3,0,0
277,1413a,0457c,2,1,0,1,2,1,0,2,0,0
278,0396b,1414c,1,1,1,0,1,1,0,1,1,0
279,1502b,1164a,1,3,1,1,0,1,1,3,0,0
280,0539a,0560b,2,3,0,3,0,0,0,2,1,0
281,1451c,0431c,2,0,0,0,0,0,2,3,0,0
282,0892c,1152a,0,2,0,0,0,1,1,2,0,0
283,1431c,0440c,0,3,0,3,0,2,1,0,0,0
284,1274a,0560b,1,0,0,1,0,0,1,3,1,0
285,1180b,1551a,1,0,0,0,0,0,2,2,1,0
286,1123c,0537b,1,3,1,0,2,0,0,0,0,0
287,1134a,1240b,1,1,0,2,2,1,1,3,0,0
288,1518c,1465b,2,0,0,1,0,0,1,1,0,0
289,1143c,0376c,1,0,1,0,2,0,1,2,0,0
290,0520a,0549b,2,3,1,2,0,2,0,1,0,0
291,1243a,0349b,1,1,0,0,0,0,2,2,0,0
292,1377b,0546b,3,0,0,3,0,1,1,1,0,0
293,1533b,1480c,1,0,0,1,0,1,1,2,0,0
294,0458b,1504b,0,1,0,0,1,0,1,1,0,0
295,0318b,0327a,2,1,0,1,2,2,0,4,0,0
296,1090a,1164a,0,1,1,1,0,0,1,0,1,0
297,0338c,0340b,1,3,0,2,0,1,1,1,1,0
298,1282b,0477b,0,1,0,2,0,1,0,0,0,0
299,0354a,1443c,2,0,0,3,0,0,1,2,1,0
300,0324b,1409c,0,1,0,3,0,0,0,1,0,0
301,0336a,1551b,0,1,0,3,0,1,0,2,1,0
302,0532b,0525a,1,1,0,0,2,1,1,0,0,0
303,1248a,1352a,0,1,0,2,0,0,0,0,0,0
304,1135b,1482a,1,3,0,3,0,1,2,0,0,0
305,0522b,0352c,1,3,1,1,0,1,1,1,0,0
306,1144c,1201b,1,1,0,2,0,2,0,4,0,0
307,0381b,1451c,3,1,0,0,0,1,0,4,0,0
308,0544a,1538a,1,0,0,3,0,1,1,1,0,0
309,0472a,1193a,2,3,0,0,0,0,1,1,0,0
310,1413a,1253a,1,1,0,1,0,1,3,1,0,0
311,0491c,1243a,1,2,0,3,0,0,1,1,0,0
312,0544b,1442b,0,1,0,0,0,1,1,4,0,0
313,1417c,1294a,0,1,0,3,0,1,1,2,0,0
314,0535a,0323b,1,4,1,0,2,1,1,0,0,0
315,1552a,0496e,1,1,1,0,0,1,1,1,0,0
316,0587a,0324a,1,1,0,2,1,0,1,3,0,0
317,0331b,1402a,1,0,0,1,0,1,0,3,0,0
318,0474b,1504a,1,1,0,2,0,2,0,3,0,0
319,0537b,1114a,0,0,1,0,0,0,1,4,1,0
320,1533b,1208a,1,4,0,0,2,1,0,2,0,0
321,1520a,0335b,0,2,0,3,0,0,1,1,0,0
322,1124c,0440a,1,1,1,2,0,2,1,2,0,0
323,0551c,1409b,2,1,0,3,2,1,3,1,0,0
324,1311c,0302b,1,1,2,3,3,2,2,2,1,0
325,1451c,0896a,3,1,0,1,0,1,0,3,0,0
326,0422a,0896a,2,0,0,1,0,2,0,3,0,0
327,1465a,0594c,3,0,1,4,0,0,3,1,0,0
328,0307b,0345a,3,1,0,0,2,0,1,0,0,0
329,0496e,1449c,1,0,1,1,2,0,2,0,1,0
330,1382a,0531b,0,0,0,3,0,1,1,1,0,0
331,1328a,1471c,2,0,0,2,2,2,1,1,0,0
332,0562a,0338a,2,3,0,3,0,1,1,3,0,0
333,0301a,0518c,2,4,0,1,0,1,1,0,0,0
334,1236c,0563a,0,0,0,0,2,1,0,1,1,0
335,0456a,0375b,1,2,0,1,2,0,0,1,1,0
336,1134a,0335b,1,4,0,3,0,0,0,1,0,0
337,1432c,1146b,0,2,0,3,0,1,1,1,0,0
338,0516a,0556c,2,1,1,1,0,0,1,3,1,0
339,1565a,1370b,1,4,0,3,0,0,0,2,0,0
340,1486a,1554a,1,1,0,2,0,1,0,0,0,0
341,1303c,0535a,1,0,0,1,0,0,2,3,1,0
342,1268a,1511b,2,0,1,2,2,0,0,2,0,0
343,0536a,1107c,2,1,0,3,0,1,1,4,0,0
344,1496a,0464a,1,4,0,2,0,2,1,4,0,0
345,1365b,1358c,3,0,0,2,0,1,0,1,0,0
346,0569c,1096a,1,0,0,1,0,1,3,1,0,0
347,0355c,1336b,2,0,0,2,0,2,0,3,0,0
348,1320a,1352b,1,0,0,0,0,1,2,2,0,0
349,1431c,1152a,0,3,1,1,0,2,1,2,0,0
350,0359a,1552c,1,0,0,1,0,1,1,1,0,0
351,1468b,0327b,3,0,0,1,1,0,1,0,0,0
352,1222c,0546b,3,0,0,3,1,1,1,1,1,0
353,1475a,0352c,2,3,1,1,0,1,0,1,0,0
354,0445a,0352c,1,2,0,1,2,1,1,0,0,0
355,1482b,1411c,1,0,0,0,0,1,1,2,0,0
356,1121a,0560c,1,0,0,3,0,1,1,1,0,0
357,1180b,1547b,1,1,0,1,0,1,1,1,1,0
358,1311c,0439a,2,0,2,3,2,1,2,0,1,0
359,0570a,1259b,1,1,1,0,2,1,1,1,1,0
360,1444b,1090a,1,0,0,0,0,1,0,1,0,0
361,0411b,0334a,1,2,0,1,0,1,0,1,0,0
362,1219b,1513c,1,1,0,0,1,1,1,2,0,0
363,0520a,0323b,1,4,1,1,2,2,2,2,1,0
364,1243a,1476a,0,1,0,3,0,1,1,2,1,0
365,0547a,0387a,2,1,0,1,2,1,2,1,0,0
366,0458a,0451b,0,0,0,3,2,0,0,2,1,0
367,0594a,1394c,0,0,0,0,0,0,2,2,1,0
368,1178a,0563c,2,0,0,2,0,1,0,1,0,0
369,1510b,1442c,0,0,0,0,2,0,1,2,1,0
370,1431a,0344c,2,0,1,1,0,1,2,0,0,0
371,1330a,1149c,2,1,0,0,0,1,3,3,0,0
372,1323c,1414c,0,0,0,0,1,1,2,2,0,0
373,0560c,1442c,0,0,0,0,2,1,1,2,1,0
374,1458a,1171b,2,3,0,0,0,1,0,2,0,0
375,1171a,0441b,1,0,0,3,2,1,3,2,0,0
376,0349b,1367b,1,0,1,2,0,1,3,2,0,0
377,0516a,0535c,1,2,0,3,2,2,3,0,0,0
378,1405b,1477b,0,0,0,1,0,0,1,0,0,0
379,1378a,0873b,0,4,1,0,2,1,0,3,0,0
380,1129a,1508b,2,0,0,0,0,1,2,1,1,0
381,0457c,0473c,1,1,0,3,2,1,2,1,1,0
382,0458a,0411b,1,1,0,1,0,0,1,1,0,0
383,1137b,0521a,1,0,0,2,0,0,3,0,0,0
384,1219b,1551b,1,1,0,0,0,0,1,2,1,0
385,1261b,1442c,2,3,0,0,2,0,0,0,1,0
386,1546a,0390c,1,1,1,3,1,1,0,1,1,0
387,0503a,1554c,1,1,0,3,0,1,1,1,0,0
388,1405b,0859a,1,1,0,3,2,2,1,2,1,0
389,1329c,1417a,1,0,1,0,0,1,2,3,0,0
390,1240b,1294b,0,0,0,1,2,1,0,0,0,0
391,1432b,0441b,1,1,0,0,1,0,2,2,0,0
392,1483c,1409c,1,1,0,1,0,1,1,1,0,0
393,0441b,0469c,0,2,0,1,0,0,0,2,1,0
394,1450b,1350c,1,2,0,0,2,2,2,2,1,0
395,1323b,1198a,2,1,2,2,0,1,1,1,0,0
396,0522b,1484c,1,0,1,2,2,1,2,2,1,0
397,1375b,0489c,0,3,0,2,0,0,1,1,1,0
398,1374b,0373b,1,0,0,1,0,1,2,2,0,0
399,1252a,1146b,1,1,0,0,0,2,1,2,0,0
400,0550c,0353b,0,1,0,0,0,1,1,2,1,0
401,1086b,0859a,2,1,0,2,0,2,1,3,1,0
402,1517a,0335a,1,0,0,1,0,0,1,2,0,0
403,1538a,0463a,0,0,0,3,2,0,2,2,1,0
404,1149c,1294c,2,1,0,0,0,2,2,3,0,0
405,1552a,1544a,0,4,0,1,0,0,2,3,0,0
406,1371c,1217b,1,0,0,1,2,1,1,1,1,0
407,1336a,0563c,1,3,0,1,2,1,0,2,0,0
408,1567c,1309c,1,3,1,3,2,1,0,0,1,0
409,1180c,0421a,1,2,0,3,0,0,3,0,0,0
410,0507a,1197c,0,1,0,3,0,0,1,2,1,0
411,0405c,0328b,1,2,0,0,0,1,1,1,1,0
412,0363a,0337c,3,4,0,0,0,1,0,2,0,0
413,1452b,1341a,1,2,0,3,0,0,0,0,0,0
414,1501c,0587c,1,3,1,3,2,1,0,1,1,0
415,1296c,1552c,2,0,0,2,2,1,0,3,0,0
416,0600a,1303c,1,3,0,0,0,1,0,1,0,0
417,1451a,1562b,0,2,0,3,2,0,0,2,0,0
418,0458b,0338c,3,1,0,0,0,0,0,1,1,0
419,1323b,1475c,2,0,1,1,2,0,2,1,0,0
420,1220b,0564b,2,1,0,1,2,1,0,1,0,0
421,1528c,1146a,0,3,0,3,0,0,1,0,0,0
422,0306b,0449c,1,1,1,1,0,1,0,2,0,0
423,1544a,0522c,0,3,1,4,2,0,3,1,0,0
424,1394a,0593a,1,0,0,3,0,0,2,1,1,0
425,1442a,1221c,1,1,0,0,0,2,0,2,0,0
426,1416c,0354c,0,4,1,2,2,2,2,2,0,0
427,0544a,1421b,3,0,0,3,0,0,2,1,0,0
428,0435b,1487c,1,0,1,1,2,1,1,0,1,0
429,0321b,0323c,2,2,0,2,2,1,1,4,1,0
430,1557a,0911c,0,3,0,0,1,1,3,1,0,0
431,0377a,0338c,1,3,0,2,0,0,1,1,1,0
432,0584a,1341a,1,1,0,1,0,0,0,2,0,0
433,0314b,0365a,0,2,0,0,0,0,0,1,0,0
434,1091b,1501b,2,0,0,2,0,1,1,1,0,0
435,0347b,0302b,1,1,2,4,3,1,1,4,1,0
436,1135b,1252c,2,1,0,0,0,1,0,0,1,0
437,1257a,1495c,1,0,0,2,2,1,1,1,1,0
438,1442a,1146c,0,2,0,3,0,0,1,3,0,0
439,0372b,0450b,0,1,1,2,1,0,1,0,1,0
440,0550b,1551a,3,1,0,0,0,0,3,1,0,0
441,0464a,1414b,1,4,1,3,2,2,0,1,1,0
442,1465a,1343c,3,4,0,1,0,1,3,1,1,0
443,1484c,0453c,0,0,0,2,0,0,1,0,0,0
444,1341a,1511b,0,1,1,2,0,0,0,0,0,0
445,0331b,1352b,1,0,0,3,0,0,2,1,0,0
446,0421b,1348c,1,3,0,0,2,0,2,0,1,0
447,0376b,0366b,2,1,2,2,3,1,1,1,1,0
448,1455a,1510a,2,0,0,0,0,1,1,1,0,0
449,1363a,0469b,3,2,0,1,2,1,1,2,1,0
450,1391b,1497a,3,0,0,0,0,0,0,1,0,0
451,1234b,0517c,2,1,0,2,2,1,3,2,1,0
452,0414a,1450b,1,0,0,3,0,1,0,1,0,0
453,0440c,1273c,2,3,0,3,1,0,3,3,0,0
454,0424a,0587a,0,1,0,1,0,0,2,1,0,0
455,0532b,1496a,0,3,0,2,2,1,0,3,1,0
456,1405b,1194c,1,0,1,1,2,0,1,2,1,0
457,1267b,1262a,0,2,0,1,0,1,0,3,0,0
458,0354b,1485b,3,0,0,3,0,2,0,2,1,0
459,0379b,1394a,1,0,0,3,0,0,1,2,1,0
460,1485c,1090a,1,4,0,2,0,2,1,2,1,0
461,0432a,0510c,0,1,0,2,0,1,0,2,0,0
462,0381c,0547c,0,2,0,0,0,2,2,1,1,0
463,0365a,1431a,3,1,0,3,0,1,3,1,0,0
464,0413a,1485c,2,3,0,2,0,0,1,2,1,0
465,0896a,0301b,2,0,0,1,0,0,0,3,0,0
466,1508a,0315b,0,3,1,2,0,1,2,1,0,0
467,1377c,0517a,1,1,1,2,0,3,1,2,0,0
468,1352a,0410c,0,1,1,0,2,0,0,1,0,0
469,0431c,0516a,0,0,0,0,2,1,2,0,0,0
470,1329c,0405c,1,1,0,1,0,0,2,2,1,0
471,1365c,1036c,1,2,0,1,2,0,1,2,0,0
472,1230b,0540a,2,2,1,2,0,1,1,0,0,0
473,1493a,1451b,1,0,0,3,1,1,3,0,0,0
474,0518a,1204b,0,0,0,3,1,1,2,3,1,0
475,1518c,1483b,1,3,0,0,0,1,0,0,0,0
476,0472a,1131b,1,1,0,2,0,1,0,3,0,0
477,0424a,0301b,0,1,0,1,0,1,0,1,0,0
478,1254a,0324b,1,0,0,2,2,1,2,2,1,0
479,1036c,1406a,0,2,1,4,2,0,2,2,0,0
480,1108b,0317c,2,2,0,0,0,2,1,3,0,0
481,1375a,0363a,1,0,0,0,0,0,1,2,0,0
482,1386a,0432c,2,0,0,0,0,0,2,3,0,0
483,1429a,0383a,1,1,1,0,0,1,0,4,1,0
484,1450a,0416a,2,0,1,1,1,0,1,0,0,0
485,1408c,0540c,2,0,1,4,0,0,0,1,1,0
486,1230a,1498a,0,0,0,1,0,0,1,1,0,0
487,1152c,0323b,3,0,1,0,2,2,0,0,0,0
488,1129b,0532c,1,1,0,3,0,1,1,2,1,0
489,1237a,0302a,0,1,1,0,2,0,1,0,1,0
490,0525a,0365c,1,2,1,0,2,0,0,1,0,0
491,1181c,1152c,2,2,0,1,2,2,1,3,1,0
492,0587a,0537b,1,0,1,1,2,0,1,4,0,0
493,0569b,0571c,1,0,0,1,2,0,1,0,1,0
494,0385c,0510b,2,1,0,3,1,1,1,2,1,0
495,1220b,1419b,1,0,1,0,2,2,0,2,0,0
496,1123b,0923c,1,1,0,2,0,1,1,3,0,0
497,1147c,1212a,2,3,0,1,2,0,2,2,1,0
498,0365a,0492a,3,2,0,1,0,0,0,3,0,0
499,1426b,1208c,2,0,0,0,0,0,3,2,0,0
500,0547a,0344c,1,1,0,1,0,0,1,1,0,0
501,1485a,1540c,2,2,0,0,0,0,1,2,1,0
502,1513a,1501a,1,3,0,3,0,0,1,0,0,0
503,0405c,1419b,0,1,1,0,2,1,0,2,0,0
504,0535c,0569a,0,1,1,1,0,2,3,0,0,0
505,1567c,0368b,1,4,0,1,2,0,1,0,0,0
506,1261b,1237a,1,3,1,1,0,0,0,1,0,0
507,1194a,1204b,1,0,0,2,1,2,1,2,1,0
508,1521b,1432b,0,0,0,3,1,0,2,1,0,0
509,1262a,0405a,1,4,0,3,0,0,1,2,1,0
510,1325a,1219c,1,3,1,1,1,1,0,0,0,0
511,0381c,0440a,1,4,1,1,0,1,0,2,0,0
512,1567c,1447b,1,0,0,4,0,0,2,1,1,0
513,1488a,1149b,1,3,0,3,0,1,1,0,0,0
514,0344c,0333c,2,1,1,1,0,1,0,1,0,0
515,0455c,0549c,0,0,0,0,0,2,0,3,0,0
516,1370a,1255a,1,0,0,3,2,0,1,1,1,0
517,0338a,1329c,2,3,0,0,0,1,3,1,0,0
518,1484b,1039a,2,0,1,0,2,2,0,2,1,0
519,0576c,1364a,0,3,0,1,2,0,0,1,0,0
520,1549c,1416c,1,2,0,0,0,1,0,0,0,0
521,1512b,1370c,1,1,0,1,0,0,1,1,0,0
522,1201b,0507b,2,1,0,3,0,2,1,0,0,0
523,1373a,0916a,2,3,0,3,2,0,0,0,1,0
524,1490b,1178b,2,0,0,0,0,1,3,1,0,0
525,0353b,0510b,2,0,0,2,2,2,2,1,0,0
526,0562a,0359b,3,1,0,3,0,0,2,4,0,0
527,0517c,1271c,1,0,1,1,2,0,1,0,1,0
528,0924a,0585b,1,1,1,0,1,1,0,2,0,0
529,1440c,1197b,2,4,0,3,0,0,0,2,0,0
530,0445a,0473b,1,2,0,1,0,1,0,0,0,0
531,1135b,0445a,1,1,0,0,2,1,1,2,0,0
532,0396b,0357a,1,3,1,0,0,1,1,0,0,0
533,0429a,1294a,1,0,0,3,0,2,0,4,1,0
534,1421a,0473b,0,4,0,1,2,1,3,0,0,0
535,0448b,0380b,1,1,1,3,3,0,3,0,1,0
536,1253b,0571c,1,1,0,0,2,0,1,0,0,0
537,1391a,1122a,1,3,0,0,2,2,0,1,1,0
538,1531c,1254a,2,0,0,1,0,2,2,1,0,0
539,0492a,1350a,0,3,0,1,0,1,1,2,1,0
540,1181a,1411b,2,1,0,3,0,2,1,1,0,0
541,1305a,0389c,1,1,0,0,0,0,3,2,0,0
542,0563a,1511b,1,0,1,1,2,0,0,0,1,0
543,1546a,0387a,1,0,0,1,2,0,1,0,1,0
544,1554a,0592c,1,1,0,1,0,2,0,2,0,0
545,1446a,1382b,1,0,0,3,2,0,1,2,0,0
546,0344c,1036c,0,3,1,2,2,0,1,0,0,0
547,1468a,1485a,2,3,0,2,0,0,2,2,0,0
548,1254c,0451c,0,1,0,1,0,0,1,1,1,0
549,0579c,0359b,1,1,0,0,0,0,2,0,1,0
550,1365a,0551a,1,3,0,2,0,1,1,0,0,0
551,1451c,1219b,2,0,0,0,0,1,0,3,0,0
552,1227a,0562c,2,1,0,0,0,0,0,1,0,0
553,0457a,1350c,1,1,0,0,2,1,2,0,1,0
554,0547a,1253c,0,2,0,1,0,0,0,1,0,0
555,1377c,1414b,2,3,0,2,2,2,1,2,1,0
556,0327b,0489b,1,1,0,1,1,1,3,1,0,0
557,1493a,0587a,1,0,0,2,1,0,2,3,0,0
558,1120a,1510c,0,0,0,2,0,0,0,1,0,0
559,1350a,0431b,0,1,1,1,0,0,1,0,1,0
560,1561b,0525b,2,3,1,0,0,0,2,2,1,0
561,1375b,0593b,2,0,0,3,0,0,3,0,0,0
562,0597b,1391a,1,0,0,0,0,0,0,0,0,0
563,1257b,0459b,1,4,0,0,0,1,1,0,0,0
564,0593b,1383b,0,2,0,3,2,0,2,1,1,0
565,0337b,1312a,2,2,1,1,2,0,2,2,1,0
566,1452b,1429b,1,1,0,3,2,0,0,1,1,0
567,1451c,0885c,2,1,0,0,1,1,0,0,0,0
568,0363c,0898b,1,1,0,0,2,1,3,2,0,0
569,1319c,0366b,2,1,1,4,1,2,1,2,0,0
570,1482b,0445b,0,0,0,0,0,1,0,1,1,0
571,0565a,1565a,0,3,0,0,0,0,1,0,0,0
572,0451a,0322b,1,0,0,3,1,1,0,1,0,0
573,1521c,1496c,2,0,0,1,2,0,1,2,1,0
574,1481a,1135b,0,0,0,1,0,1,1,2,0,0
575,1531b,0451b,0,0,0,0,2,1,0,1,1,0
576,0563a,1416c,0,3,0,2,2,1,1,2,1,0
577,1540c,0327a,2,1,0,1,0,2,1,4,1,0
578,0313c,1425c,1,3,0,2,0,1,1,0,1,0
579,1483a,1129c,1,1,0,0,0,1,0,1,0,0
580,1432a,1391a,1,0,0,3,0,2,0,2,0,0
581,0405c,0535a,1,4,0,0,0,0,1,1,0,0
582,1447a,0456a,0,0,1,1,0,1,1,3,0,0
583,1455a,1442b,1,1,0,3,0,0,0,2,0,0
584,0472a,0338c,3,0,0,0,0,1,1,2,1,0
585,1328a,0892a,2,1,0,1,0,0,0,0,0,0
586,1229b,1366a,2,0,0,3,0,1,1,1,0,0
587,1344a,1149b,1,3,0,3,0,1,1,3,0,0
588,0969a,1312a,1,0,1,1,2,0,0,0,0,0
589,0477a,1140c,0,3,0,1,0,0,0,1,0,0
590,1540b,1481c,1,0,0,3,0,1,1,3,0,0
591,0593b,0537b,1,3,1,3,2,0,2,1,0,0
592,0321b,1222a,1,1,1,1,0,1,1,1,0,0
593,1236b,1358b,0,0,1,1,0,0,1,1,0,0
594,0491b,1343b,0,0,0,0,0,2,0,4,0,0
595,0458a,0491b,0,0,0,0,0,1,0,0,0,0
596,0328a,0323a,0,3,2,2,0,1,3,0,0,0
597,1382a,1430c,2,0,0,3,0,1,1,0,0,0
598,1491a,1303c,0,3,0,0,0,0,1,1,0,0
599,1198a,0556b,3,2,2,3,2,0,1,3,1,0
600,1365c,0473b,1,2,0,0,2,1,1,1,0,0
601,1253a,1511b,3,1,1,2,0,0,3,0,0,0
602,0538a,1340c,1,1,0,3,0,1,0,2,0,0
603,1450c,1155a,2,1,1,1,0,0,0,3,0,0
604,1268a,1496a,0,3,0,1,2,1,0,0,0,0
605,0337a,0483b,1,0,0,3,2,1,2,0,0,0
606,1219b,1147c,2,4,0,1,0,1,0,1,0,0
607,1513a,0553b,0,1,0,3,2,1,1,2,1,0
608,0457a,0595c,1,2,0,0,0,1,3,3,0,0
609,1255a,1144c,0,0,0,2,0,1,1,0,1,0
610,1386a,0334b,1,1,0,0,0,0,3,2,0,0
611,1378a,0530a,1,0,0,3,0,0,3,4,0,0
612,1144c,1197a,0,3,0,1,2,1,1,0,0,0
613,1375a,1181a,0,0,0,1,0,1,0,1,0,0
614,0368b,0323c,2,0,0,2,0,1,1,2,1,0
615,1433a,0314b,2,2,0,0,0,0,1,2,0,0
616,1180c,0348a,1,4,0,0,0,2,0,1,0,0
617,0969b,0327b,2,1,0,0,1,1,1,1,1,0
618,1391b,1494c,0,0,0,3,0,1,2,1,0,0
619,0389c,1394b,1,1,1,1,0,1,2,1,0,0
620,1507b,1253c,1,0,1,1,0,0,3,0,0,0
621,1533b,1501c,1,1,0,0,2,1,1,2,1,0
622,0898b,1402b,1,2,0,3,0,1,1,1,0,0
623,1243a,1398c,1,1,0,3,0,0,1,2,1,0
624,1364b,1237a,1,0,1,2,0,0,1,0,0,0
625,1501c,1036b,2,1,1,2,2,0,1,2,1,0
626,0579c,1286c,0,0,0,1,0,1,2,3,1,0
627,0562c,0390a,3,0,0,3,1,1,1,0,0,0
628,0316b,1319a,0,1,0,3,0,0,1,0,0,0
629,1491a,1498a,3,0,0,1,0,0,0,1,0,0
630,1455a,1565a,1,3,0,3,0,0,1,1,0,0
631,1237a,0338c,2,0,1,2,0,0,1,1,1,0
632,1444b,1155c,0,0,0,1,0,2,0,3,1,0
633,1253c,0376c,0,1,0,2,1,0,2,3,0,0
634,1307a,1237a,1,0,1,2,0,0,0,0,1,0
635,1565b,1149b,0,3,0,0,2,0,1,2,0,0
636,1538b,0410c,0,1,1,2,0,0,1,2,1,0
637,0414a,0555c,0,2,0,1,0,0,0,2,0,0
638,0349b,0324a,0,1,0,3,1,0,2,2,0,0
639,1036c,1273c,0,3,0,3,1,1,1,1,0,0
640,1448a,1465b,2,0,0,1,0,0,1,2,1,0
641,1039c,1429a,1,2,0,2,0,0,2,1,1,0
642,1540c,0547c,0,0,0,3,0,1,1,1,0,0
643,1461b,1465b,2,1,0,1,0,0,1,2,0,0
644,1491a,1441a,2,0,0,1,0,0,1,2,0,0
645,1374b,0469a,1,2,0,1,0,0,1,2,1,0
646,1501c,0348c,3,0,1,2,2,0,2,1,1,0
647,1274a,1237a,1,0,1,0,0,0,0,2,0,0
648,1302a,0569c,1,0,0,3,0,0,3,3,0,0
649,0354b,0373b,1,0,0,1,0,2,1,4,1,0
650,0363a,0489b,1,0,0,1,0,1,2,3,0,0
651,1382b,1240c,0,0,1,0,2,1,1,1,0,0
652,0354a,0469b,1,1,0,2,2,1,1,3,1,0
653,1545a,1450b,2,1,0,3,0,1,1,1,0,0
654,1107c,1408a,3,1,1,0,0,1,1,3,0,0
655,1309c,0556b,1,1,0,0,0,1,1,1,0,0
656,1140b,1125b,1,1,1,1,3,1,0,0,0,0
657,0597b,1171a,1,2,0,0,0,0,0,3,0,0
658,1300a,0377a,0,3,0,0,0,0,0,0,0,0
659,0337b,1271b,0,0,1,1,2,0,2,1,0,0
660,0319b,1416c,0,3,0,2,0,0,1,2,1,0
661,1517c,1090a,1,0,0,1,0,1,1,3,1,0
662,1504c,0445c,2,3,0,3,2,1,0,2,1,0
663,1501b,0357a,0,3,0,1,0,2,1,3,1,0
664,0421c,0898b,1,0,0,1,2,1,1,1,1,0
665,1165b,1178c,2,3,0,1,2,0,0,2,0,0
666,1137a,0492b,1,1,0,0,0,0,1,2,0,0
667,0363b,0347a,1,3,0,2,2,2,1,3,0,0
668,0380a,0440a,1,4,1,1,0,0,3,3,0,0
669,0469a,1348c,1,0,0,0,0,0,1,4,1,0
670,1517c,0888c,3,1,0,0,2,0,0,3,1,0
671,1129b,1442b,1,1,0,3,0,0,0,0,1,0
672,1453a,0472a,2,0,0,0,0,1,0,4,0,0
673,0340a,1483c,2,1,0,1,2,2,1,1,1,0
674,0473a,1036b,1,0,1,2,2,0,1,1,0,0
675,0584a,1204a,1,1,0,1,0,0,1,0,0,0
676,1236b,1409b,2,3,0,3,0,1,2,1,0,0
677,0950a,1319c,1,1,0,3,2,2,1,2,1,0
678,1391a,1039a,0,3,1,3,2,0,1,3,0,0
679,1512b,0560c,1,1,0,0,0,1,1,0,0,0
680,1508a,0421a,1,2,0,3,0,1,0,1,0,0
681,0571a,0440a,0,4,1,1,0,1,0,3,0,0
682,0318c,0595c,0,1,0,0,0,1,3,0,0,0
683,1555b,1476c,1,0,0,2,2,1,1,2,1,0
684,1391a,0593b,0,0,0,3,0,1,3,0,0,0
685,0355c,0334b,1,1,0,1,0,1,3,0,0,0
686,1465c,0403a,1,2,2,1,2,1,0,1,1,0
687,1490b,0885c,1,1,0,3,1,2,0,2,0,0
688,1193a,0316a,1,3,1,0,0,0,0,1,0,0
689,1194b,1443c,2,3,1,0,0,1,1,1,1,0
690,0552a,1343a,0,1,0,0,0,1,1,2,1,0
691,1382b,1552b,0,0,0,3,2,1,1,1,1,0
692,1360a,1430c,3,1,1,1,0,1,0,1,0,0
693,1481a,0532c,1,1,0,2,0,1,0,1,0,0
694,0333c,1343c,3,2,0,0,0,0,1,0,1,0
695,1096a,0473b,1,3,0,0,2,0,0,1,0,0
696,0314a,0457b,0,3,1,1,2,1,2,0,0,0
697,1520a,1502b,0,2,0,0,0,0,0,2,0,0
698,1552a,1368c,1,1,0,2,2,1,1,1,1,0
699,1451c,0525a,1,2,0,3,0,1,1,1,1,0
700,1193a,0439a,2,3,1,1,0,1,2,1,0,0
701,1108b,0401c,1,1,1,1,2,2,0,4,0,0
702,1121a,1260c,1,1,0,3,0,0,1,0,0,0
703,1366c,1495c,1,0,0,0,2,0,0,1,0,0
704,1518a,1134c,0,1,0,3,0,0,3,3,0,0
705,0381b,1303b,0,0,1,2,0,1,0,1,0,0
706,1167a,0314a,1,1,0,0,0,1,2,3,1,0
707,0927c,0525a,1,1,1,1,0,0,1,0,1,0
708,1343c,0549b,0,1,1,1,0,2,3,3,1,0
709,1409c,0343c,1,2,1,2,2,1,0,1,1,0
710,0322b,1367a,1,1,0,2,1,0,3,1,0,0
711,0546c,1501a,1,3,0,3,0,2,2,2,0,0
712,1448a,1209c,0,0,0,3,0,2,3,4,1,0
713,1336a,0355a,3,1,0,1,0,1,0,3,0,0
714,1253a,0525b,1,3,1,0,0,0,3,1,0,0
715,1364b,0456b,3,0,0,2,0,0,1,0,1,0
716,1222c,1417b,3,3,0,0,0,1,1,1,1,0
717,0404c,0368c,3,1,1,1,0,1,2,2,0,0
718,1471b,0338a,1,4,0,0,0,1,0,3,0,0
719,1504c,1546a,1,0,1,3,0,0,1,0,0,0
720,1240a,1353b,1,1,1,1,0,1,3,1,0,0
721,0316a,0455c,1,0,1,0,1,2,2,1,0,0
722,1121a,1274a,1,0,0,2,0,0,0,2,0,0
723,0522b,0376c,0,0,0,2,1,0,2,1,0,0
724,1480c,1513c,1,1,0,1,1,0,0,1,0,0
725,1460a,1501b,1,0,0,1,2,1,1,0,1,0
726,0525a,1476c,0,0,0,0,2,1,0,0,0,0
727,0414a,1504c,3,1,0,0,0,1,0,0,1,0
728,1409a,0518c,0,0,0,2,2,1,0,0,0,0
729,0510c,1477c,0,0,0,1,0,1,0,0,1,0
730,0596a,0405c,1,0,0,2,0,0,0,1,1,0
731,1328a,0429a,1,1,0,1,0,0,0,4,0,0
732,1368c,0460b,1,3,1,3,2,2,1,3,1,0
733,1323b,0376c,1,0,0,2,1,1,1,0,0,0
734,0562a,0380a,1,3,0,0,0,0,2,3,0,0
735,0571b,0301a,1,1,0,0,0,0,1,4,0,0
736,1152c,0311c,0,0,0,1,2,1,1,0,0,0
737,1501b,0317b,3,3,1,2,2,1,1,3,1,0
738,0555b,1511b,1,0,1,2,1,0,0,0,0,0
739,1447a,1411c,2,0,0,0,0,2,1,2,0,0
740,1491c,0355a,2,1,0,2,0,1,1,3,0,0
741,1149c,1477b,0,0,0,2,2,1,3,2,1,0
742,0422a,1149c,0,0,0,3,0,0,3,3,0,0
743,1086c,0525b,0,2,1,1,2,1,1,1,1,0
744,0306b,1090a,0,1,1,1,0,1,0,1,1,0
745,0535a,0473c,1,3,0,2,0,1,0,3,0,0
746,1497a,1356b,2,0,1,2,0,0,1,1,0,0
747,1481a,0550a,0,3,0,2,0,0,0,3,0,0
748,0440c,1125b,2,3,1,4,1,1,1,2,1,0
749,1528c,0340b,1,3,0,2,0,1,0,3,0,0
750,1174a,0538a,1,0,1,2,0,1,1,0,0,0
751,1416b,0475a,2,1,0,2,0,0,0,2,0,0
752,1521a,0403c,1,2,1,0,0,0,1,2,0,0
753,0451b,1348c,1,2,0,2,2,0,1,2,0,0
754,1504b,1198a,0,1,1,1,1,0,0,0,0,0
755,0571b,1123b,0,1,0,0,0,0,1,1,0,0
756,1442b,0587c,1,2,1,0,0,1,0,1,0,0
757,1394b,0549b,3,0,0,1,0,2,2,1,0,0
758,1475b,0538a,1,0,0,0,0,0,1,1,0,0
759,1208a,1181b,2,3,1,2,2,1,1,2,0,0
760,1284b,1498b,1,0,0,2,0,0,0,0,0,0
761,1508b,0587b,1,0,0,0,0,0,0,0,0,0
762,1343a,0474b,0,1,0,3,0,2,3,3,0,0
763,1506a,0540c,0,0,0,1,0,0,1,3,0,0
764,1137b,0413a,2,0,0,2,0,2,0,1,1,0
765,1368b,1221c,1,0,0,1,0,2,3,1,0,0
766,0570a,1087a,1,1,1,2,2,1,1,1,1,0
767,1340c,0343c,0,0,0,2,0,2,0,1,0,0
768,0897c,0348c,1,3,1,1,0,1,2,0,0,0
769,0375c,0317b,2,0,1,4,2,0,0,2,1,0
770,0319b,1091a,2,0,1,3,0,1,3,2,1,0
771,0503a,1366b,0,1,0,3,0,1,1,0,0,0
772,1204a,0405b,1,0,0,4,2,0,1,1,0,0
773,1153b,1513a,2,4,0,0,0,1,1,1,0,0
774,0336a,0353c,0,0,0,2,0,1,1,2,0,0
775,1531a,0440c,1,4,0,0,0,2,0,1,0,0
776,0333a,0440b,0,0,0,1,2,1,1,0,0,0
777,1248a,1164c,1,0,0,0,0,1,1,2,0,0
778,1508b,1477a,2,1,0,3,0,0,0,0,1,0
779,1323b,0317a,0,0,0,0,2,0,0,1,1,0
780,0474b,1234c,0,0,1,1,0,0,3,1,0,0
781,1219a,0353a,1,0,0,2,1,1,0,2,0,0
782,1491c,1134c,1,0,0,1,0,0,2,4,0,0
783,0368b,0911b,2,3,0,2,2,0,1,1,1,0
784,0537a,1219b,1,1,0,3,0,1,2,2,0,0
785,1475a,1253b,1,0,1,1,0,1,0,1,1,0
786,1236a,1131a,2,1,0,2,0,1,0,3,0,0
787,0319b,1083a,1,3,1,3,0,0,1,1,0,0
788,1196a,0471b,0,1,0,3,1,0,2,1,1,0
789,1378a,0403c,2,4,1,3,0,1,0,3,0,0
790,1414c,1224b,1,4,1,3,0,2,2,2,1,0
791,1273a,1273c,0,1,0,3,1,1,2,1,0,1
792,1508a,1508c,1,0,0,1,2,0,3,4,0,1
793,0368b,0368c,0,1,1,1,2,1,1,0,0,1
794,0357b,0357c,2,1,1,1,0,0,2,2,1,1
795,1134a,1134c,0,1,0,3,0,0,2,4,0,1
796,0517c,0517a,2,1,0,3,2,2,2,1,1,1
797,1489a,1489b,1,0,0,0,0,0,1,2,0,1
798,1120a,1120c,0,0,0,3,0,0,0,2,0,1
799,1513a,1513c,1,1,0,3,1,1,1,2,0,1
800,1330b,1330c,1,1,0,1,0,0,1,1,0,1
801,1307a,1307b,2,3,0,3,0,1,1,0,1,1
802,0556a,0556b,2,1,1,0,0,0,1,3,0,1
803,0544b,0544a,2,0,0,3,0,1,0,1,1,1
804,0489c,0489b,0,1,0,1,0,1,2,2,1,1
805,0359a,0359b,1,1,0,0,0,0,3,2,0,1
806,1531b,1531c,1,0,0,3,0,2,0,1,0,1
807,0422b,0422c,0,4,0,0,0,0,0,0,0,1
808,1393b,1393c,1,3,0,3,2,0,1,1,0,1
809,1375c,1375a,2,4,0,1,0,0,0,3,0,1
810,1129a,1129b,0,0,0,0,0,0,2,3,1,1
811,1461c,1461a,1,4,0,2,0,1,0,2,0,1
812,1305b,1305c,1,0,0,3,0,0,1,1,0,1
813,0319a,0319b,1,3,0,1,0,0,1,0,1,1
814,1197a,1197b,1,4,0,1,2,1,1,4,0,1
815,0600a,0600b,2,0,0,3,0,1,0,2,0,1
816,1325a,1325c,2,3,0,3,1,1,1,1,0,1
817,0355c,0355b,0,3,0,1,2,1,1,0,1,1
818,1453b,1453c,1,0,0,3,0,0,1,0,1,1
819,1433a,1433c,1,2,0,0,0,0,0,0,0,1
820,1554a,1554b,0,0,0,1,0,1,1,0,1,1
821,0593a,0593b,0,3,0,0,0,0,0,3,0,1
822,1268a,1268b,1,0,0,0,2,0,1,1,1,1
823,1234a,1234b,0,4,0,2,0,1,0,1,0,1
824,1123c,1123b,3,2,0,3,0,0,0,3,0,1
825,0525b,0525c,1,2,1,2,0,1,2,2,1,1
826,1149a,1149c,0,0,0,3,0,2,2,2,0,1
827,1196b,1196c,1,1,0,1,0,1,2,1,1,1
828,0549b,0549c,3,0,1,1,1,0,0,0,0,1
829,0560c,0560b,1,0,0,0,0,1,0,0,1,1
830,0373a,0373b,1,1,0,1,2,1,0,2,1,1
831,0584a,0584b,1,0,0,0,0,0,1,2,0,1
832,1446a,1446c,2,0,0,0,0,0,1,1,0,1
833,1477b,1477c,2,0,0,1,2,0,1,1,0,1
834,1294a,1294c,2,0,0,3,0,2,1,0,1,1
835,1319a,1319c,1,0,0,0,0,2,2,0,0,1
836,1534b,1534c,2,0,0,3,0,1,1,2,0,1
837,1305a,1305b,1,0,0,0,0,0,1,2,0,1
838,1445a,1445b,2,0,0,1,0,0,0,3,0,1
839,1531c,1531a,1,1,0,0,0,0,1,1,0,1
840,1303c,1303b,0,3,1,2,0,0,0,1,0,1
841,0458a,0458c,1,1,0,0,0,0,1,3,0,1
842,0535b,0535c,1,2,0,1,0,1,2,1,0,1
843,0477a,0477b,0,0,0,0,0,2,0,2,0,1
844,1221a,1221c,1,3,0,0,0,2,2,2,0,1
845,1303a,1303b,0,3,1,2,2,0,0,1,0,1
846,1309a,1309c,1,0,1,1,2,1,0,0,1,1
847,0492a,0492c,1,4,0,0,0,1,0,3,0,1
848,0563a,0563c,0,3,0,0,0,1,0,0,1,1
849,1429c,1429a,1,2,0,1,0,0,1,0,1,1
850,1416b,1416c,1,4,0,3,0,1,0,2,0,1
851,0531b,0531c,1,4,0,2,0,1,0,1,0,1
852,1413a,1413b,2,0,0,1,0,2,0,1,0,1
853,1377b,1377c,2,0,1,2,1,1,1,3,0,1
854,1488a,1488c,2,1,0,0,0,1,0,1,0,1
855,0577a,0577b,0,0,1,3,0,0,1,1,0,1
856,1153a,1153c,2,0,0,1,1,0,0,1,0,1
857,1155b,1155c,0,1,0,3,2,1,1,1,1,1
858,0565b,0565c,0,0,0,1,0,0,1,2,0,1
859,0552a,0552b,0,1,0,3,0,0,1,2,1,1
860,0321c,0321b,1,1,0,1,0,0,1,2,0,1
861,0496f,0496a,1,0,0,0,0,1,0,0,0,1
862,1289a,1289c,1,0,0,3,0,1,1,1,0,1
863,1499b,1499c,0,1,0,1,2,0,2,1,0,1
864,1445a,1445c,2,0,0,3,0,1,0,3,0,1
865,0521a,0521b,1,0,0,1,1,0,3,0,0,1
866,0544a,0544c,1,3,0,3,0,0,2,1,0,1
867,1231b,1231c,1,4,0,3,0,0,1,2,0,1
868,0570c,0570a,1,3,1,2,2,0,1,2,0,1
869,1137b,1137c,1,1,0,0,0,1,0,3,0,1
870,1091b,1091c,1,3,1,2,0,0,2,1,1,1
871,0927a,0927b,0,4,0,1,2,1,1,1,1,1
872,1208b,1208c,1,1,0,0,0,0,3,1,1,1
873,0550a,0550b,0,4,0,3,0,0,0,4,0,1
874,0461a,0461b,1,0,0,3,2,0,2,0,1,1
875,1442a,1442c,2,1,0,0,2,0,0,1,1,1
876,1551b,1551c,1,3,0,3,0,1,2,1,1,1
877,0510c,0510b,3,0,0,2,2,2,2,3,1,1
878,1036b,1036c,1,2,1,2,2,0,2,0,0,1
879,1259a,1259b,0,4,1,3,0,2,1,1,1,1
880,1366a,1366b,1,1,0,3,0,1,0,1,0,1
881,0471b,0471c,0,0,0,3,1,1,1,0,1,1
882,1129c,1129b,2,1,0,3,0,0,1,2,1,1
883,1447a,1447c,1,0,1,2,0,1,1,2,0,1
884,1121a,1121c,1,0,0,3,0,0,0,0,0,1
885,1458a,1458b,1,0,0,3,0,0,0,1,1,1
886,0445a,0445b,1,1,0,3,2,1,1,2,1,1
887,1468a,1468c,0,1,0,1,0,0,0,4,0,1
888,1551a,1551c,2,3,0,3,0,0,0,1,0,1
889,0367a,0367c,1,0,0,3,0,0,0,3,0,1
890,1377a,1377c,0,1,1,1,2,0,0,1,0,1
891,1319b,1319c,1,4,1,3,0,2,1,3,0,1
892,1378c,1378a,2,3,0,0,0,2,0,2,0,1
893,0471a,0471b,1,4,0,1,1,1,0,1,0,1
894,0324b,0324c,1,0,1,1,2,0,1,2,1,1
895,1362a,1362b,1,0,0,0,0,0,0,4,0,1
896,0924b,0924c,1,1,0,3,2,1,1,1,0,1
897,1451a,1451b,2,3,0,0,0,1,3,1,0,1
898,1492a,1492b,1,1,0,3,0,1,0,0,0,1
899,0405c,0405a,2,0,0,1,0,1,0,0,0,1
900,0357a,0357c,3,2,0,0,2,1,2,2,1,1
901,1451c,1451b,3,1,0,3,0,1,3,3,0,1
902,1565a,1565c,0,3,0,3,0,0,2,1,0,1
903,1198a,1198b,2,0,1,1,0,2,2,2,1,1
904,0536a,0536b,1,1,0,2,0,1,0,1,0,1
905,1378b,1378c,2,0,0,0,0,1,1,1,0,1
906,1204a,1204b,2,1,0,3,1,1,1,4,0,1
907,0381a,0381b,2,1,0,3,0,1,0,1,0,1
908,1237b,1237c,1,1,1,1,0,0,0,1,0,1
909,1367b,1367c,0,0,1,2,0,1,0,0,0,1
910,1267a,1267b,0,1,0,2,0,0,2,1,1,1
911,1495b,1495c,0,0,0,2,2,1,0,2,1,1
912,1483a,1483b,1,3,0,3,0,1,0,2,0,1
913,1433a,1433b,1,1,0,3,2,0,1,1,0,1
914,0319a,0319c,0,4,1,0,0,1,1,0,0,1
915,1445b,1445c,0,0,0,2,0,1,0,0,0,1
916,0302c,0302b,1,1,2,2,1,0,3,1,0,1
917,1554a,1554c,1,1,0,1,0,1,1,0,0,1
918,0375c,0375b,1,1,1,3,2,0,2,1,0,1
919,0463a,0463b,1,1,1,3,2,0,3,1,0,1
920,0363c,0363b,0,0,0,1,0,1,3,1,1,1
921,0340b,0340c,0,4,0,0,0,0,0,0,0,1
922,1219a,1219c,1,3,1,0,0,2,0,1,0,1
923,1450a,1450c,0,1,0,2,0,1,1,2,1,1
924,0334a,0334c,1,4,0,3,2,1,0,0,0,1
925,1433b,1433c,2,3,0,3,2,0,1,1,0,1
926,1252b,1252c,1,0,0,3,0,0,0,0,1,1
927,0522b,0522c,1,0,2,2,2,0,0,1,0,1
928,1294a,1294b,0,1,0,0,0,1,0,3,1,1
929,0367a,0367b,1,0,0,0,0,0,1,2,0,1
930,1450b,1450a,1,1,0,0,0,1,2,2,1,1
931,1448b,1448c,2,2,0,0,0,0,0,0,0,1
932,1230a,1230b,1,0,1,3,0,0,1,0,0,1
933,1253a,1253c,1,0,1,2,0,0,3,2,0,1
934,1489a,1489c,1,3,0,3,0,0,1,1,0,1
935,1494b,1494c,1,3,0,3,0,2,2,1,0,1
936,1194b,1194c,0,3,2,0,0,0,0,2,0,1
937,0474b,0474c,1,3,0,3,0,1,0,2,0,1
938,0969c,0969b,1,4,0,2,0,1,1,1,1,1
939,1374b,1374c,2,1,0,0,0,1,2,1,1,1
940,0318c,0318b,2,0,0,3,2,0,0,4,0,1
941,1146a,1146c,3,4,0,3,0,0,0,4,0,1
942,0351a,0351b,0,1,1,1,1,0,1,0,0,1
943,1454b,1454a,0,3,0,0,0,0,0,1,0,1
944,0381b,0381c,2,3,0,3,0,0,0,2,0,1
945,0585b,0585c,3,0,2,1,0,2,0,4,0,1
946,1236a,1236b,0,4,0,3,0,0,1,3,0,1
947,1484b,1484c,0,0,0,0,2,0,1,0,0,1
948,1165b,1165c,3,1,1,2,2,0,2,0,0,1
949,1402a,1402b,1,1,0,2,2,1,1,0,0,1
950,1494a,1494b,1,1,0,1,0,1,1,3,0,1
951,0488b,0488c,1,4,0,1,0,1,0,4,0,1
952,1131a,1131b,1,1,0,0,0,1,0,3,0,1
953,0924a,0924b,1,2,0,0,1,0,0,2,1,1
954,1510b,1510c,1,0,0,1,0,0,1,3,0,1
955,0460b,0460c,1,0,2,1,0,1,1,2,0,1
956,0532b,0532c,0,1,0,0,2,1,0,1,1,1
957,1180b,1180c,1,3,0,0,0,1,1,2,1,1
958,1255b,1255c,1,0,0,1,1,0,1,2,0,1
959,1475a,1475b,2,0,0,3,0,0,1,1,0,1
960,1491a,1491c,2,0,0,1,0,0,0,3,0,1
961,0538b,0538c,1,1,0,3,0,1,0,0,0,1
962,0911b,0911c,1,1,1,2,0,1,1,1,1,1
963,1320b,1320c,1,1,0,0,0,1,0,3,0,1
964,1181b,1181c,0,1,1,2,2,2,1,4,0,1
965,0550b,0550c,1,0,0,1,0,0,0,0,0,1
966,1140c,1140b,2,4,0,1,2,0,1,1,1,1
967,1538a,1538b,1,1,0,0,2,1,1,1,0,1
968,1486a,1486b,1,0,0,0,0,1,1,3,0,1
969,1370a,1370c,1,0,0,2,2,0,1,0,0,1
970,1394a,1394c,1,1,0,3,0,0,2,1,0,1
971,1512b,1512c,0,1,0,1,0,0,1,3,0,1
972,0547a,0547c,1,0,1,2,0,1,2,0,1,1
973,1236c,1236b,2,3,0,1,0,1,1,1,0,1
974,1367a,1367b,1,1,1,0,0,1,3,1,0,1
975,0333b,0333a,0,0,0,3,0,2,1,1,1,1
976,1483b,1483c,2,3,0,1,2,1,0,0,1,1
977,1406b,1406c,0,0,1,3,0,0,1,0,0,1
978,1127a,1127c,1,3,0,3,0,0,1,1,0,1
979,0317a,0317c,1,1,0,0,2,2,0,1,1,1
980,1454c,1454a,1,3,0,3,0,0,1,3,0,1
981,1378b,1378a,0,3,0,0,0,1,1,3,0,1
982,0556a,0556c,2,0,1,0,0,1,1,4,0,1
983,1492a,1492c,0,0,0,0,0,2,0,2,0,1
984,1453a,1453c,1,0,0,3,0,0,0,2,1,1
985,1358a,1358b,1,3,1,0,1,0,0,3,0,1
986,1546c,1546a,2,1,1,3,0,0,0,1,1,1
987,1119a,1119c,1,0,0,3,2,0,1,1,1,1
988,0594a,0594c,3,2,1,4,0,0,1,1,0,1
989,1497a,1497c,2,4,0,3,0,0,2,1,0,1
990,0552b,0552c,1,2,0,3,0,0,0,2,0,1
991,1358a,1358c,1,3,0,0,1,1,1,3,0,1
992,0587a,0587c,0,3,1,1,0,1,1,3,0,1
993,1341a,1341c,2,1,0,2,0,0,1,2,0,1
994,1513b,1513a,0,0,0,0,0,0,0,1,0,1
995,1268b,1268c,1,0,0,3,0,1,1,1,1,1
996,0489b,0489a,0,4,1,0,0,0,2,2,0,1
997,0431c,0431b,1,0,1,1,0,1,2,1,0,1
998,1500a,1500b,3,2,0,4,2,1,1,1,1,1
999,0301a,0301b,0,1,0,2,0,1,1,4,0,1
1000,1364b,1364a,1,0,0,1,2,0,1,2,0,1
1001,0363b,0363a,1,1,0,0,0,1,1,0,1,1
1002,1421a,1421b,2,1,0,3,0,0,1,1,1,1
1003,0424a,0424c,1,1,0,3,0,0,3,2,0,1
1004,0489c,0489a,0,3,1,1,0,1,0,0,1,1
1005,1447b,1447c,0,3,1,1,0,0,0,1,1,1
1006,1336a,1336c,0,0,0,2,0,1,0,0,0,1
1007,1344a,1344c,2,0,0,3,0,1,1,1,0,1
1008,1455b,1455c,0,0,0,2,0,0,1,3,0,1
1009,0301a,0301c,2,1,0,4,2,0,1,3,0,1
1010,1543a,1543c,2,0,0,1,0,0,0,2,1,1
1011,1149b,1149c,1,3,0,0,0,1,2,3,0,1
1012,1405b,1405c,1,2,0,0,2,0,1,0,1,1
1013,0405c,0405b,0,0,0,3,2,0,1,1,1,1
1014,1543b,1543c,1,0,0,1,0,0,1,2,1,1
1015,1323b,1323c,0,1,1,1,0,1,2,3,1,1
1016,1234b,1234c,1,1,1,1,0,0,0,2,0,1
1017,0924a,0924c,2,1,0,3,1,1,1,1,1,1
1018,1489b,1489c,0,3,0,3,0,0,0,1,0,1
1019,0381a,0381c,0,4,0,0,0,1,0,1,0,1
1020,0331b,0331a,0,0,1,0,0,0,3,2,0,1
1021,1149a,1149b,1,3,0,3,0,1,0,1,0,1
1022,0544b,0544c,1,3,0,0,0,1,2,0,1,1
1023,1476a,1476c,0,1,0,3,2,1,1,0,0,1
1024,1152b,1152a,1,3,1,1,0,2,0,1,0,1
1025,1123c,1123a,1,3,1,2,2,1,0,2,1,1
1026,1323a,1323c,1,0,0,0,0,1,1,3,1,1
1027,1408c,1408a,3,0,1,3,2,1,0,1,1,1
1028,0472b,0472c,0,0,0,1,0,1,2,0,0,1
1029,1510b,1510a,0,0,0,0,0,1,1,3,0,1
1030,0560c,0560a,1,3,0,0,2,1,1,3,0,1
1031,1335a,1335b,0,1,0,0,0,1,3,1,0,1
1032,0429b,0429a,1,1,0,0,0,0,1,0,0,1
1033,1485a,1485c,0,0,0,3,0,1,1,1,0,1
1034,0335a,0335c,2,0,0,2,0,1,0,3,0,1
1035,1320a,1320b,2,0,0,3,0,0,0,3,0,1
1036,0538a,0538c,0,1,1,3,0,0,1,3,0,1
1037,1546b,1546a,2,0,1,3,2,2,1,1,1,1
1038,1259a,1259c,1,3,1,0,2,1,1,2,1,1
1039,0516a,0516b,2,1,1,2,2,1,0,2,0,1
1040,1448a,1448c,1,3,0,3,0,1,1,1,1,1
1041,1344a,1344b,2,3,0,3,0,1,0,1,0,1
1042,1271a,1271c,1,0,1,2,2,1,1,2,1,1
1043,0323a,0323b,0,4,2,3,2,1,2,1,1,1
1044,0496c,0496d,1,3,0,2,0,0,0,0,1,1
1045,0518a,0518b,1,0,0,0,0,1,1,1,0,1
1046,0518b,0518c,2,3,0,1,2,2,1,2,1,1
1047,1411b,1411c,3,0,0,0,0,0,1,1,0,1
1048,0496f,0496c,1,0,0,3,0,0,1,1,0,1
1049,1495a,1495b,1,0,1,1,0,0,1,3,0,1
1050,1155a,1155c,0,1,1,2,0,1,1,3,0,1
1051,0327c,0327a,2,0,0,0,0,1,1,2,1,1
1052,0456b,0456c,2,1,0,1,0,1,0,2,1,1
1053,0434b,0434c,1,3,1,2,0,1,0,3,0,1
1054,1461b,1461c,0,2,0,3,0,0,0,3,0,1
1055,1491a,1491b,1,0,0,0,0,0,1,2,1,1
1056,0414a,0414c,3,1,0,0,0,0,1,1,0,1
1057,0564a,0564b,0,1,0,2,2,1,2,1,0,1
1058,0473a,0473b,0,2,0,1,0,1,1,2,0,1
1059,0451b,0451c,1,1,0,2,2,0,1,0,0,1
1060,1234a,1234c,1,3,1,1,0,1,0,1,0,1
1061,0313c,0313b,2,0,1,1,0,0,1,1,1,1
1062,0597c,0597a,2,0,1,0,0,1,2,0,1,1
1063,1413b,1413c,1,3,0,3,0,1,1,0,0,1
1064,0593b,0593c,2,3,0,1,0,1,3,3,1,1
1065,0353a,0353b,0,0,0,2,1,1,1,0,1,1
1066,0338a,0338c,2,3,0,3,0,1,1,1,1,1
1067,1442b,1442c,1,1,0,3,2,0,1,2,1,1
1068,0350b,0350a,1,1,0,3,1,1,0,1,0,1
1069,0379b,0379c,1,0,0,2,0,0,0,0,0,1
1070,0301b,0301c,2,0,0,2,2,1,0,1,0,1
1071,0338b,0338c,2,0,0,0,0,1,1,1,1,1
1072,1137a,1137b,2,0,0,3,0,0,0,1,0,1
1073,0373a,0373c,0,0,0,3,2,1,1,2,0,1
1074,1284a,1284c,1,0,0,0,0,1,0,2,0,1
1075,1504c,1504b,3,0,0,3,1,1,0,2,1,1
1076,1488c,1488b,1,2,0,0,2,0,1,0,1,1
1077,0507b,0507c,3,3,0,2,0,0,1,3,0,1
1078,1501c,1501b,3,0,0,2,2,1,0,2,0,1
1079,1468b,1468c,2,1,0,1,0,0,1,1,0,1
1080,0307a,0307b,1,0,0,3,0,0,1,2,0,1
1081,0405a,0405b,2,0,0,4,2,1,1,1,1,1
1082,1300b,1300c,1,0,0,0,0,1,1,1,0,1
1083,1350a,1350c,2,3,0,3,2,2,1,1,0,1
1084,1477a,1477b,2,1,0,2,2,1,1,1,1,1
1085,1545a,1545b,2,0,0,0,2,0,1,1,0,1
1086,1554b,1554c,1,1,0,2,0,0,0,0,1,1
1087,1543a,1543b,1,0,0,2,0,0,1,4,0,1
1088,1518c,1518a,0,1,0,3,0,1,0,0,0,1
1089,1237a,1237c,0,0,0,1,0,0,0,0,0,1
1090,0414b,0414c,1,0,0,0,0,1,0,2,0,1
1091,1140a,1140b,3,4,1,1,2,0,0,1,1,1
1092,0521a,0521c,1,0,1,0,2,1,2,3,0,1
1093,1366b,1366c,2,1,0,3,0,0,0,1,1,1
1094,1471b,1471c,0,1,0,0,2,1,1,3,0,1
1095,1176b,1176a,1,4,1,3,0,0,1,1,0,1
1096,0892a,0892c,2,2,1,1,0,1,1,0,0,1
1097,1309b,1309c,1,1,1,2,2,1,0,2,1,1
1098,1121b,1121c,1,0,0,0,0,0,0,2,0,1
1099,1328a,1328b,2,1,0,2,0,1,3,2,0,1
1100,0550a,0550c,1,4,0,2,0,0,0,4,0,1
1101,1485b,1485c,3,3,0,0,0,2,0,1,1,1
1102,0302a,0302c,1,1,1,1,2,1,1,2,1,1
1103,0469b,0469c,1,2,0,1,0,0,2,1,0,1
1104,1504b,1504a,2,1,0,2,1,1,3,4,0,1
1105,0927b,0927c,1,3,1,1,0,2,1,0,0,1
1106,1483a,1483c,1,0,0,2,2,2,0,2,1,1
1107,0351c,0351a,0,2,1,0,0,0,1,1,0,1
1108,1271b,1271c,3,3,0,2,2,0,1,1,0,1
1109,1341a,1341b,2,2,0,0,0,1,0,0,0,1
1110,1534c,1534a,1,0,0,1,0,2,1,0,0,1
1111,0337a,0337b,1,3,0,0,0,0,0,2,1,1
1112,0374b,0374a,1,2,1,3,0,1,3,2,0,1
1113,0348a,0348b,2,1,0,1,2,0,0,2,1,1
1114,0496c,0496e,1,3,1,2,0,1,0,1,0,1
1115,1487a,1487c,1,0,0,0,2,2,0,2,1,1
1116,0562a,0562c,3,1,0,0,0,1,1,2,0,1
1117,0600a,0600c,1,0,0,3,0,1,1,3,0,1
1118,0539b,0539c,1,0,0,0,2,0,3,2,0,1
1119,1341b,1341c,0,3,0,2,0,1,1,2,0,1
1120,0507a,0507b,1,0,0,0,2,1,0,2,1,1
1121,1260b,1260c,1,1,0,1,0,1,0,1,0,1
1122,1409b,1409c,1,1,0,3,2,1,2,1,1,1
1123,1430b,1430c,1,1,0,2,1,1,0,0,0,1
1124,0496f,0496e,0,3,1,1,0,1,1,0,0,1
1125,0540a,0540c,1,2,1,3,2,1,0,0,0,1
1126,1370b,1370c,2,1,0,1,0,0,1,2,0,1
1127,1334a,1334c,0,3,0,3,0,0,1,0,0,1
1128,1325a,1325b,3,0,0,1,1,0,1,1,1,1
1129,0551c,0551a,1,1,0,1,2,2,1,1,0,1
1130,1134a,1134b,1,4,0,2,0,0,1,2,0,1
1131,0600b,0600c,3,0,0,0,0,0,1,1,0,1
1132,1533c,1533a,2,1,1,0,0,1,0,2,1,1
1133,0353a,0353c,1,1,0,2,1,1,0,1,0,1
1134,0432a,0432c,0,1,0,3,0,0,1,2,0,1
1135,0440c,0440b,1,3,0,2,2,1,1,4,1,1
1136,0335b,0335c,0,3,0,0,0,1,0,2,0,1
1137,0472b,0472a,1,0,0,3,0,2,1,2,0,1
1138,1521c,1521b,3,0,0,1,2,0,2,3,0,1
1139,1416b,1416a,1,1,0,3,0,1,1,2,0,1
1140,1302b,1302c,1,0,0,3,0,0,0,1,0,1
1141,1260a,1260b,2,0,0,0,0,1,1,4,0,1
1142,1099a,1099c,0,3,1,1,2,0,2,0,0,1
1143,1370a,1370b,1,1,0,3,2,0,0,2,0,1
1144,1197c,1197b,1,2,0,4,2,1,0,0,0,1
1145,1383b,1383c,2,1,0,2,0,0,1,0,0,1
1146,1363b,1363a,0,1,0,0,2,1,2,1,1,1
1147,1386a,1386b,2,0,0,0,0,0,0,2,0,1
1148,1201a,1201b,2,1,0,0,0,1,2,1,0,1
1149,1267c,1267b,1,2,0,2,0,0,0,0,1,1
1150,1344b,1344c,0,3,0,0,0,0,1,2,0,1
1151,1424a,1424b,0,3,0,0,2,0,1,2,0,1
1152,0445a,0445c,0,2,0,3,0,0,0,1,0,1
1153,0584a,0584c,1,0,0,1,0,0,0,1,0,1
1154,0323c,0323a,2,4,1,3,2,1,3,2,1,1
1155,0434c,0434a,3,1,0,0,2,0,3,3,0,1
1156,0385c,0385a,2,2,0,2,1,1,1,1,0,1
1157,0517b,0517c,2,1,0,0,0,1,3,1,1,1
1158,0328b,0328a,3,1,1,1,0,0,0,1,0,1
1159,1227a,1227b,2,0,0,0,0,0,0,3,0,1
1160,1375b,1375c,2,0,0,3,0,0,0,3,0,1
1161,1352b,1352c,0,1,0,3,0,0,1,1,0,1
1162,0923a,0923c,1,0,0,1,1,1,0,2,0,1
1163,1330a,1330b,1,0,0,0,0,0,0,4,0,1
1164,0518a,0518c,1,3,0,1,2,1,2,3,1,1
1165,1453a,1453b,2,0,0,0,0,0,1,2,0,1
1166,0537b,0537c,0,1,1,0,2,0,1,4,1,1
1167,0507a,0507c,2,3,0,2,2,1,1,1,1,1
1168,0927a,0927c,1,1,1,2,2,1,0,1,1,1
1169,0537a,0537c,1,1,0,0,0,0,0,1,1,1
1170,1254c,1254b,1,0,1,2,0,0,0,2,0,1
1171,1497b,1497c,0,1,0,3,2,0,2,2,1,1
1172,1222c,1222a,2,0,1,2,0,1,1,1,1,1
1173,1230c,1230b,1,3,1,0,0,0,1,1,0,1
1174,1414b,1414c,1,4,1,1,3,0,0,1,0,1
1175,0403c,0403a,1,0,2,1,2,1,0,2,1,1
1176,1374b,1374a,2,1,1,2,0,1,2,2,1,1
1177,1257c,1257a,2,0,0,1,0,1,0,1,0,1
1178,0335a,0335b,2,3,0,2,0,0,0,1,0,1
1179,1152a,1152c,3,4,1,1,0,0,1,1,1,1
1180,0496d,0496a,1,3,0,1,0,1,1,1,1,1
1181,1366a,1366c,3,0,0,0,0,1,0,0,1,1
1182,1382c,1382a,0,2,0,0,0,0,1,2,0,1
1183,0431b,0431a,0,2,1,2,1,1,3,0,0,1
1184,0396c,0396b,1,0,1,1,0,0,2,1,0,1
1185,1417c,1417a,0,0,1,3,0,1,0,1,1,1
1186,1171b,1171a,1,2,0,0,0,2,1,3,0,1
1187,0496d,0496e,0,0,1,0,0,1,0,1,1,1
1188,0491c,0491a,0,1,0,1,0,1,0,2,1,1
1189,0421c,0421a,2,2,0,2,0,1,2,2,1,1
1190,0593a,0593c,2,0,0,1,0,1,3,0,1,1
1191,1382b,1382a,0,1,0,0,2,0,1,3,0,1
1192,1248b,1248c,2,0,0,0,0,0,1,2,0,1
1193,1119a,1119b,0,0,0,3,2,1,0,0,0,1
1194,1284a,1284b,1,0,0,3,2,0,1,3,0,1
1195,1257b,1257a,1,3,0,2,0,1,0,0,0,1
1196,1146b,1146c,1,0,0,0,0,1,0,3,0,1
1197,1408a,1408b,2,0,0,2,2,2,0,1,1,1
1198,0496a,0496e,1,3,1,1,0,0,1,0,0,1
1199,0314b,0314a,1,1,0,0,0,1,2,1,1,1
1200,1343a,1343b,0,1,0,0,0,2,1,4,0,1
1201,1491b,1491c,1,0,0,1,0,0,1,1,1,1
1202,1475a,1475c,2,0,1,3,2,1,2,2,0,1
1203,1140c,1140a,1,0,1,0,0,0,1,2,0,1
1204,1517b,1517c,2,1,0,3,0,0,1,1,0,1
1205,1545b,1545c,0,0,0,3,2,1,0,0,0,1
1206,0525a,0525b,1,1,1,3,0,1,1,2,1,1
1207,1501b,1501a,2,2,0,2,0,2,0,3,1,1
1208,1446b,1446c,2,0,0,2,0,0,0,1,0,1
1209,1443c,1443b,2,0,0,1,2,1,1,2,0,1
1210,1511b,1511c,1,0,0,1,2,1,1,2,1,1
1211,1302a,1302c,0,0,0,0,0,0,0,3,0,1
1212,1451a,1451c,1,4,0,3,0,0,0,4,0,1
1213,1336a,1336b,3,0,0,1,0,1,0,4,0,1
1214,0327c,0327b,1,0,0,0,1,1,1,1,1,1
1215,0587b,0587c,1,3,1,3,0,2,0,3,1,1
1216,0565a,0565b,0,0,0,3,0,0,0,2,0,1
1217,0306a,0306b,1,0,1,0,0,0,0,1,0,1
1218,0483a,0483b,1,1,0,3,2,1,1,1,0,1
1219,1335b,1335c,0,1,0,3,0,0,1,1,1,1
1220,1231a,1231b,1,2,0,0,0,0,1,1,0,1
1221,0555b,0555a,0,3,1,2,1,0,3,2,1,1
1222,0456b,0456a,2,0,1,1,0,0,0,2,1,1
1223,1386b,1386c,0,0,0,3,0,0,0,1,0,1
1224,0324c,0324a,1,1,1,4,1,0,1,0,0,1
1225,0564a,0564c,2,0,0,1,1,2,3,1,1,1
1226,0569c,0569a,0,0,1,2,0,1,3,0,0,1
1227,0579a,0579c,1,1,0,3,0,0,1,1,1,1
1228,1498a,1498b,2,0,0,0,2,0,1,1,0,1
1229,1343b,1343c,2,1,0,1,0,2,1,3,1,1
1230,1303c,1303a,0,0,0,0,2,0,0,0,0,1
1231,1495a,1495c,1,0,1,3,2,1,1,1,1,1
1232,0357b,0357a,1,3,1,1,2,1,0,0,0,1
1233,1375b,1375a,0,4,0,2,0,0,0,0,0,1
1234,1444a,1444b,1,1,0,1,0,1,0,3,1,1
1235,1253a,1253b,3,1,0,1,0,1,2,1,1,1
1236,1432c,1432a,0,2,0,0,0,1,0,1,0,1
1237,0422a,0422c,1,1,0,0,0,1,0,3,0,1
1238,0451a,0451c,1,1,0,1,0,1,0,2,1,1
1239,1547b,1547c,0,0,0,2,0,2,0,2,0,1
1240,1284b,1284c,2,0,0,3,2,1,1,1,0,1
1241,0472a,0472c,1,0,0,2,0,1,3,2,0,1
1242,1155b,1155a,0,0,1,1,2,0,0,2,1,1
1243,1254a,1254b,1,0,1,1,0,1,2,0,0,1
1244,0440c,0440a,1,4,1,2,0,1,0,0,0,1
1245,0421b,0421c,1,0,0,0,2,0,1,1,1,1
1246,0473b,0473c,0,3,0,2,2,0,2,1,1,1
1247,1152b,1152c,2,1,0,0,0,2,1,2,1,1
1248,1521a,1521b,1,1,0,3,2,0,2,2,0,1
1249,1492b,1492c,1,1,0,3,0,1,0,2,0,1
1250,1485a,1485b,3,3,0,3,0,1,1,0,1,1
1251,1365c,1365b,2,2,0,2,0,0,0,2,0,1
1252,0535a,0535b,2,4,0,1,0,0,1,3,1,1
1253,0324b,0324a,0,1,0,3,1,0,0,2,1,1
1254,1565a,1565b,0,3,0,0,2,0,0,1,0,1
1255,1127a,1127b,2,0,0,3,0,0,0,3,0,1
1256,1463b,1463c,2,1,0,3,0,1,0,0,0,1
1257,1393a,1393b,0,3,0,3,2,0,0,1,0,1
1258,0367b,0367c,2,0,0,3,0,0,1,1,0,1
1259,1268a,1268c,0,0,0,3,2,1,0,0,0,1
1260,1252a,1252b,1,1,0,0,0,1,1,2,0,1
1261,0571b,0571a,2,3,0,3,0,1,0,1,0,1
1262,0597b,0597a,1,0,1,3,0,0,3,2,1,1
1263,1208a,1208c,0,3,0,0,2,1,3,0,0,1
1264,1134b,1134c,1,3,0,1,0,0,3,2,0,1
1265,0411c,0411b,1,1,0,2,0,1,0,3,0,1
1266,1121a,1121b,0,0,0,3,0,0,0,2,0,1
1267,0538a,0538b,1,0,1,0,0,1,1,3,0,1
1268,1442a,1442b,1,0,0,3,0,0,1,3,0,1
1269,0969a,0969b,0,2,0,0,0,1,0,0,0,1
1270,1463a,1463b,1,0,0,3,0,1,1,0,1,1
1271,1286a,1286c,1,1,0,2,0,0,2,0,0,1
1272,0314c,0314a,0,0,0,3,0,1,2,1,1,1
1273,0365a,0365b,2,1,0,3,2,0,0,1,1,1
1274,0353b,0353c,1,1,0,0,0,2,1,1,1,1
1275,0950a,0950b,1,1,0,0,0,1,2,1,1,1
1276,1513b,1513c,1,1,0,3,1,1,1,1,0,1
1277,1465a,1465b,3,3,0,1,0,1,2,0,0,1
1278,0457a,0457c,2,1,0,3,2,0,0,2,0,1
1279,1164c,1164b,1,0,0,1,1,1,1,1,0,1
1280,0473a,0473c,0,1,0,3,2,1,1,3,1,1
1281,1490c,1490b,1,1,0,0,0,1,0,0,0,1
1282,1567c,1567b,1,3,1,2,0,0,0,2,0,1
1283,1123b,1123a,2,1,1,1,2,1,0,1,1,1
1284,1364b,1364c,1,1,0,3,0,0,0,2,0,1
1285,1248a,1248b,1,0,0,2,0,0,1,4,0,1
1286,1212a,1212c,0,1,0,0,0,0,0,0,0,1
1287,1191b,1191c,0,0,1,2,0,2,3,1,0,1
1288,0355c,0355a,2,1,0,2,0,2,0,2,0,1
1289,1533b,1533a,2,3,1,3,0,1,0,1,0,1
1290,0336a,0336c,2,0,0,1,0,0,1,2,1,1
1291,1477a,1477c,0,1,0,1,0,1,0,0,1,1
1292,0560a,0560b,2,3,0,0,2,0,1,3,1,1
1293,0537a,0537b,1,0,1,0,2,0,1,3,0,1
1294,0546c,0546b,1,1,0,0,1,2,3,0,0,1
1295,1364c,1364a,0,1,0,2,2,0,1,0,0,1
1296,1253b,1253c,2,1,1,1,0,1,1,1,1,1
1297,1129c,1129a,2,1,0,3,0,0,3,1,0,1
1298,0491b,0491c,0,1,0,0,0,1,1,4,0,1
1299,0321a,0321b,1,1,0,0,0,1,0,2,1,1
1300,1319a,1319b,0,4,1,3,0,0,1,3,0,1
1301,1411a,1411c,2,1,0,2,0,1,1,1,0,1
1302,1248a,1248c,1,0,0,2,0,0,0,2,0,1
1303,1153b,1153c,2,3,0,3,1,0,1,1,0,1
1304,0584b,0584c,2,0,0,1,0,0,1,1,0,1
1305,1409a,1409c,3,2,0,3,0,0,1,2,1,1
1306,0333c,0333a,1,1,0,2,0,0,1,1,1,1
1307,1538c,1538b,2,0,0,3,2,1,1,1,1,1
1308,1496a,1496c,0,3,0,0,2,1,2,2,1,1
1309,0334b,0334c,1,4,0,3,2,0,3,1,0,1
1310,1417c,1417b,2,3,0,3,0,1,1,1,1,1
1311,0569a,0569b,1,1,1,0,0,2,1,2,0,1
1312,0431c,0431a,1,2,0,3,1,0,1,1,0,1
1313,1463a,1463c,1,1,0,0,0,0,1,0,1,1
1314,0896a,0896c,2,0,0,1,0,0,1,1,0,1
1315,1328a,1328c,2,0,0,1,0,1,2,1,1,1
1316,1465a,1465c,2,2,1,2,0,0,3,0,0,1
1317,1517a,1517b,1,0,0,2,0,0,0,1,0,1
1318,1323a,1323b,1,1,1,1,0,2,1,0,0,1
1319,0319c,0319b,1,1,1,1,0,1,0,0,1,1
1320,1358b,1358c,0,0,1,0,0,1,1,0,0,1
1321,0571b,0571c,1,1,0,1,2,1,0,1,1,1
1322,0535a,0535c,1,2,0,2,0,1,1,2,1,1
1323,1565b,1565c,0,0,0,3,2,0,2,0,0,1
1324,1461b,1461a,1,2,0,1,0,1,0,1,0,1
1325,0571a,0571c,1,4,0,2,2,2,0,0,1,1
1326,1240a,1240c,1,1,1,3,0,1,2,0,0,1
1327,1362a,1362c,0,1,0,3,0,0,0,2,0,1
1328,0451a,0451b,0,0,0,3,2,1,1,2,1,1
1329,1504c,1504a,1,1,0,1,0,0,3,2,1,1
1330,0333b,0333c,1,1,0,1,0,2,0,0,0,1
1331,1377a,1377b,2,1,0,3,1,1,1,2,0,1
1332,0565a,0565c,0,0,0,2,0,0,1,0,0,1
1333,1441b,1441c,1,1,0,1,2,0,1,1,1,1
1334,0517b,0517a,0,0,0,3,2,1,1,2,0,1
1335,1120b,1120c,1,0,0,0,0,0,0,2,0,1
1336,1320a,1320c,1,1,0,3,0,1,0,0,0,1
1337,1551a,1551b,1,0,0,0,0,1,2,2,1,1
1338,1224c,1224b,1,4,1,3,1,2,2,2,0,1
1339,1540b,1540c,0,1,0,0,0,0,0,3,1,1
1340,1455a,1455b,1,0,0,1,0,0,1,2,0,1
1341,0413a,0413b,0,0,0,2,2,2,2,1,0,1
1342,0539a,0539b,1,3,0,3,2,0,1,0,0,1
1343,1219a,1219b,1,1,0,1,0,0,0,3,0,1
1344,0450c,0450b,0,1,0,1,0,1,0,1,0,1
1345,1368b,1368c,1,0,0,2,2,1,1,4,1,1
1346,0457a,0457b,1,1,1,2,2,0,0,0,1,1
1347,1493a,1493b,0,3,0,0,1,0,3,0,0,1
1348,0375a,0375c,1,4,0,1,0,0,2,3,1,1
1349,0374c,0374a,0,1,1,3,0,1,0,3,0,1
1350,0365b,0365c,2,3,1,0,0,1,1,0,0,1
1351,0349a,0349b,3,0,0,2,0,1,3,0,0,1
1352,1547a,1547c,0,4,0,2,0,2,0,2,0,1
1353,1386a,1386c,2,0,0,3,0,0,0,1,0,1
1354,0555c,0555a,2,4,1,1,2,0,3,0,1,1
1355,1481a,1481c,1,0,0,2,0,1,0,3,0,1
1356,1254c,1254a,0,0,0,1,0,1,2,2,0,1
1357,1197a,1197c,0,2,0,3,0,0,1,4,0,1
1358,1360a,1360c,3,0,1,0,1,0,1,1,1,1
1359,0421b,0421a,1,2,0,2,2,1,3,3,0,1
1360,1481b,1481c,0,0,0,2,0,1,1,0,0,1
1361,1510c,1510a,1,0,0,1,0,1,0,0,0,1
1362,1174a,1174b,1,1,0,2,1,1,1,0,0,1
1363,1429b,1429a,1,1,0,2,2,0,1,1,0,1
1364,1393a,1393c,1,0,0,0,0,0,1,2,0,1
1365,0440b,0440a,0,1,1,0,2,0,1,4,1,1
1366,1180a,1180b,1,0,0,2,0,0,0,0,1,1
1367,1164c,1164a,1,0,1,1,0,2,1,1,0,1
1368,0390c,0390a,2,0,0,0,0,0,0,1,0,1
1369,0373b,0373c,1,1,0,2,0,2,1,4,1,1
1370,1309a,1309b,2,1,0,3,0,0,0,2,0,1
1371,1552a,1552b,1,1,0,2,0,1,0,0,1,1
1372,1127b,1127c,1,3,0,0,0,0,1,2,0,1
1373,0531a,0531c,1,2,0,0,0,0,0,0,0,1
1374,1091c,1091a,1,3,2,2,0,0,3,2,0,1
1375,1240b,1240c,1,0,1,1,2,2,1,2,0,1
1376,1508b,1508a,1,3,0,0,0,1,2,4,1,1
1377,1119b,1119c,1,0,0,0,0,1,1,1,1,1
1378,1406a,1406b,0,2,2,3,2,0,2,0,0,1
1379,0366a,0366b,1,3,1,1,1,0,0,1,0,1
1380,0302a,0302b,0,2,1,3,3,1,2,3,1,1
1381,1431c,1431a,0,0,0,0,0,2,2,4,0,1
1382,1426b,1426a,0,1,0,1,0,1,1,2,1,1
1383,1481a,1481b,1,0,0,0,0,0,1,3,0,1
1384,1488a,1488b,1,1,0,0,2,1,1,1,1,1
1385,0375a,0375b,2,3,1,2,2,0,0,2,1,1
1386,0873a,0873b,1,2,2,1,2,0,3,3,0,1
1387,0525a,0525c,0,1,0,1,0,0,1,0,0,1
1388,0338b,0338a,0,3,0,3,0,2,0,2,0,1
1389,1289b,1289c,0,3,0,0,0,0,1,2,0,1
1390,1219b,1219c,0,4,1,1,0,2,0,2,0,1
1391,1257b,1257c,3,3,0,3,0,0,0,1,0,1
1392,1531b,1531a,0,1,0,3,0,2,1,0,0,1
1393,1360b,1360a,1,1,1,2,0,0,0,0,0,1
1394,1240a,1240b,0,1,0,2,2,1,3,2,0,1
1395,1465b,1465c,1,1,1,1,0,1,1,0,0,1
1396,0363c,0363a,1,1,0,1,0,0,2,1,0,1
1397,1086b,1086c,2,0,0,0,2,1,0,2,0,1
1398,1417b,1417a,2,3,1,0,0,0,1,0,0,1
1399,1363a,1363c,0,1,1,0,2,1,2,2,1,1
1400,1533b,1533c,0,2,0,3,0,2,0,3,1,1
1401,1413a,1413c,1,3,0,2,0,1,1,1,0,1
1402,1460a,1460b,0,1,0,2,2,0,1,3,0,1
1403,0354b,0354c,2,1,1,1,2,2,2,2,0,1
1404,1440c,1440b,2,0,1,1,2,1,0,2,1,1
1405,1178b,1178c,1,4,0,0,2,0,2,1,0,1
1406,1329a,1329c,1,0,0,3,0,1,2,3,0,1
1407,0354b,0354a,1,0,0,4,0,2,1,0,0,1
1408,0492a,0492b,1,4,0,1,0,1,1,1,0,1
1409,1300a,1300b,1,0,0,1,0,1,0,1,0,1
1410,1305a,1305c,0,0,0,3,0,0,0,1,0,1
1411,1374c,1374a,0,2,1,2,0,2,0,1,0,1
1412,1430a,1430b,1,0,0,1,1,1,3,0,0,1
1413,1181a,1181c,1,2,0,0,2,2,0,2,0,1
1414,1302a,1302b,1,0,0,3,0,0,0,2,0,1
1415,1424a,1424c,2,3,0,3,0,0,0,1,1,1
1416,0348b,0348c,2,0,1,1,2,1,3,1,1,1
1417,0434b,0434a,2,4,1,2,2,1,3,0,0,1
1418,0350b,0350c,0,1,0,3,1,0,1,2,0,1
1419,0503a,0503b,0,0,0,1,0,1,1,1,0,1
1420,1178a,1178b,0,4,0,0,2,0,3,2,0,1
1421,1271a,1271b,2,3,1,0,0,1,0,1,1,1
1422,1365c,1365a,1,2,0,2,0,1,1,1,0,1
1423,1336b,1336c,3,0,0,3,0,0,0,4,0,1
1424,0594a,0594b,3,2,1,3,0,2,1,1,0,1
1425,0576c,0576b,1,3,0,2,2,0,3,2,0,1
1426,1120a,1120b,1,0,0,3,0,0,0,0,0,1
1427,0355a,0355b,2,2,0,3,2,1,1,2,1,1
1428,1352c,1352a,0,0,0,1,0,0,0,2,0,1
1429,0337a,0337c,1,3,0,2,0,1,2,1,1,1
1430,1520a,1520c,1,1,0,0,1,0,0,1,0,1
1431,1343a,1343c,2,0,0,1,0,0,0,1,1,1
1432,0458a,0458b,1,1,0,3,0,0,0,3,0,1
1433,0374b,0374c,1,3,0,0,0,0,3,1,0,1
1434,0317b,0317c,0,4,0,2,2,1,1,0,0,1
1435,1516a,1516b,0,1,0,1,0,1,1,0,0,1
1436,0457c,0457b,1,2,1,1,0,0,0,2,1,1
1437,0315b,0315a,0,3,0,0,0,2,1,0,0,1
1438,0376c,0376b,1,1,0,2,3,1,1,2,1,1
1439,1208a,1208b,1,4,0,0,2,1,0,1,1,1
1440,1391b,1391a,0,0,0,3,0,1,1,1,0,1
1441,0496c,0496a,0,0,0,3,0,1,1,1,0,1
1442,1454b,1454c,1,0,0,3,0,0,1,4,0,1
1443,0348a,0348c,0,1,1,2,0,1,3,1,0,1
1444,1362b,1362c,1,1,0,3,0,0,0,2,0,1
1445,1497a,1497b,2,3,0,0,2,0,0,1,1,1
1446,0350c,0350a,1,2,0,0,0,1,1,1,0,1
1447,0594b,0594c,0,4,2,1,0,2,0,0,0,1
1448,0334a,0334b,0,0,0,0,0,1,3,1,0,1
1449,0321c,0321a,0,0,0,1,0,1,1,0,1,1
1450,1426b,1426c,1,1,0,0,0,2,1,2,0,1
1451,1429b,1429c,2,1,0,3,2,0,0,1,1,1
1452,1534b,1534a,1,0,0,2,0,1,0,2,0,1
1453,1411a,1411b,1,1,0,2,0,1,0,0,0,1
1454,1409b,1409a,2,3,0,0,2,1,3,3,0,1
1455,1361b,1361a,0,4,0,3,2,0,3,1,0,1
1456,0531a,0531b,0,2,0,2,0,1,0,1,0,1
1457,1391c,1391b,1,3,0,0,0,0,0,3,0,1
1458,1255a,1255b,0,0,0,1,0,0,0,4,1,1
1459,1137a,1137c,1,1,0,3,0,1,0,2,0,1
1460,0347a,0347b,1,3,1,3,0,1,1,4,0,1
1461,1259b,1259c,1,1,0,3,2,1,0,1,0,1
1462,1482b,1482a,1,3,0,0,0,0,2,1,0,1
1463,1365a,1365b,3,0,0,0,0,1,1,3,0,1
1464,1394a,1394b,1,0,1,2,0,1,0,2,1,1
1465,1547a,1547b,0,4,0,0,0,0,0,0,0,1
1466,1448a,1448b,1,1,0,3,0,1,1,1,1,1
1467,0445b,0445c,1,3,0,0,2,1,1,3,1,1
1468,1194a,1194c,1,0,1,0,0,1,1,1,1,1
1469,0340a,0340b,2,4,0,1,0,2,1,1,0,1
1470,1441a,1441b,1,1,0,1,2,0,2,1,0,1
1471,0539a,0539c,0,3,0,3,0,0,2,2,0,1
1472,0365a,0365c,0,2,1,3,2,1,1,1,1,1
1473,1367a,1367c,1,1,0,2,0,2,3,1,0,1
1474,1538a,1538c,1,1,0,3,0,2,0,2,1,1
1475,0422a,0422b,1,3,0,0,0,1,0,3,0,1
1476,1546b,1546c,0,1,0,0,2,2,1,0,0,1
1477,0561a,0561b,1,0,0,0,0,1,0,3,0,1
1478,1458a,1458c,1,3,0,0,0,0,1,1,0,1
1479,0458c,0458b,0,2,0,3,0,0,1,0,0,1
1480,0323c,0323b,2,0,1,0,0,2,1,1,0,1
1481,1501c,1501a,1,2,0,0,2,1,0,1,1,1
1482,0316b,0316a,0,0,1,0,0,1,1,2,0,1
1483,1231a,1231c,0,2,0,3,0,0,0,3,0,1
1484,1408c,1408b,1,0,1,1,0,1,0,0,0,1
1485,0327b,0327a,3,0,0,0,1,2,0,1,0,1
1486,1282b,1282c,1,1,1,0,0,0,1,0,0,1
1487,0469a,0469c,0,3,0,0,2,0,0,4,1,1
1488,1458b,1458c,0,3,0,3,0,0,1,2,1,1
1489,1091b,1091a,2,0,1,4,0,0,1,3,1,1
1490,1363b,1363c,0,0,1,0,0,0,0,1,0,1
1491,1300a,1300c,2,0,0,1,0,0,1,0,0,1
1492,1146a,1146b,2,4,0,3,0,1,0,1,0,1
1493,0556b,0556c,0,1,0,0,0,1,0,1,0,1
1494,1196a,1196c,1,0,0,2,0,1,1,2,1,1
1495,1194a,1194b,1,3,1,0,0,1,1,1,1,1
1496,0469a,0469b,1,1,0,1,2,0,2,3,1,1
1497,0307a,0307c,1,1,0,2,0,0,2,1,0,1
1498,0317a,0317b,1,3,0,2,0,1,1,1,1,1
1499,1328b,1328c,0,1,0,3,0,0,1,1,1,1
1500,0387b,0387a,2,1,0,1,0,0,2,0,1,1
1501,1090c,1090a,2,0,0,2,0,1,0,0,1,1
1502,1545a,1545c,2,0,0,3,0,1,1,1,0,1
1503,0577a,0577c,1,0,0,1,0,1,0,1,0,1
1504,1039c,1039a,1,3,1,0,2,1,2,1,0,1
1505,1360b,1360c,2,1,0,2,1,0,1,1,1,1
1506,1450b,1450c,1,2,0,2,0,2,1,0,0,1
1507,1164a,1164b,0,0,1,0,1,1,0,0,0,1
1508,0552a,0552c,1,1,0,0,0,0,1,0,1,1
1509,1286b,1286c,1,3,0,1,0,2,3,1,0,1
1510,0372a,0372b,0,0,0,0,1,1,1,1,1,1
1511,1196a,1196b,0,1,0,3,0,0,1,1,0,1
1512,0491b,0491a,0,0,0,1,0,0,1,2,1,1
1513,1391c,1391a,1,3,0,3,0,1,1,2,0,1
1514,1267c,1267a,1,1,0,0,0,0,2,1,0,1
1515,0411b,0411a,2,1,0,1,0,1,1,3,0,1
1516,0577b,0577c,1,0,1,2,0,1,1,2,0,1
1517,0592b,0592c,0,0,0,0,0,1,0,1,0,1
1518,1468a,1468b,2,0,0,0,0,0,1,3,0,1
1519,0569c,0569b,1,1,0,2,0,1,2,2,0,1
1520,0496f,0496d,0,3,0,1,0,0,1,1,1,1
1521,0471a,0471c,1,4,0,2,0,2,1,1,1,1
1522,1508b,1508c,0,3,0,1,2,1,1,0,1,1
1523,1260a,1260c,3,1,0,1,0,0,1,3,0,1
1524,0351c,0351b,0,1,0,1,1,0,0,1,0,1
1525,1394c,1394b,0,1,1,1,0,1,2,1,1,1
1526,1424b,1424c,2,0,0,3,2,0,1,1,1,1
1527,0354a,0354c,1,1,1,3,2,0,3,2,0,1
1528,0521b,0521c,2,0,1,1,1,1,1,3,0,1
1529,1441a,1441c,0,0,0,0,0,0,1,0,1,1
1530,1153a,1153b,0,3,0,2,0,0,1,2,0,1
1531,0492b,0492c,0,0,0,1,0,0,1,2,0,1
1532,0380a,0380b,0,1,1,0,1,0,3,1,0,1
1533,1416a,1416c,0,3,0,0,0,2,1,0,0,1
1534,1475b,1475c,0,0,1,0,2,1,3,1,0,1
1535,0340a,0340c,2,0,0,1,0,2,1,1,0,1
1536,1286a,1286b,2,2,0,3,0,2,1,1,0,1
1537,1329b,1329c,1,0,0,3,0,0,0,0,0,1
1538,1352b,1352a,0,1,0,2,0,0,1,3,0,1
1539,0564b,0564c,2,1,0,1,1,1,1,2,1,1
1540,1329a,1329b,0,0,0,0,0,1,2,3,0,1
1541,1230a,1230c,2,3,0,3,0,0,0,1,0,1
1542,1144b,1144c,0,1,0,2,0,1,1,2,0,1
1543,1289a,1289b,1,3,0,3,0,1,0,1,0,1
1544,1229b,1229c,1,0,1,3,0,0,1,0,0,1
1545,1432a,1432b,1,3,0,0,1,1,1,3,0,1
1546,1330a,1330c,2,1,0,1,0,0,1,3,0,1
1547,1432c,1432b,1,1,0,0,1,0,1,2,0,1
1548,1494a,1494c,2,4,0,2,0,1,3,2,0,1
1549,1382c,1382b,0,1,0,0,2,0,0,1,0,1
1550,0307b,0307c,2,1,0,1,0,0,1,1,0,1
1551,0411c,0411a,1,0,0,3,0,0,1,0,0,1
1552,0969a,0969c,1,2,0,2,0,0,1,1,1,1
1553,1180a,1180c,0,3,0,2,0,1,1,2,0,1
1554,1237a,1237b,1,1,1,0,0,0,0,1,0,1
1555,0401b,0401c,1,3,1,0,2,0,3,2,0,1
1556,1521a,1521c,2,1,0,2,0,0,0,1,0,1
1557,1426c,1426a,1,0,0,1,0,1,0,0,1,1
1558,1552a,1552c,0,1,0,0,0,1,0,2,0,1
1559,0555b,0555c,2,1,0,1,1,0,0,2,0,1
1560,1447a,1447b,1,3,0,3,0,1,1,1,1,1
1561,1252a,1252c,2,1,0,3,0,1,1,2,1,1
1562,0597c,0597b,1,0,0,3,0,1,1,2,0,1
1563,1552b,1552c,1,0,0,2,0,0,0,2,1,1
1564,1455a,1455c,1,0,0,3,0,0,0,1,0,1
1565,1406a,1406c,0,2,1,0,2,0,3,0,0,1
1566,1236a,1236c,2,1,0,2,0,1,0,2,0,1
1567,0456c,0456a,0,1,1,2,0,1,0,0,0,1
1568,0337b,0337c,0,0,0,2,0,1,2,1,0,1
1569,0414a,0414b,2,1,0,0,0,1,1,1,0,1
1570,1255a,1255c,1,0,0,0,1,0,1,2,1,1
1571,0311a,0311c,1,2,0,1,2,1,1,2,1,1
1572,1335a,1335c,0,0,0,3,0,1,2,0,1,1
1573,1181a,1181b,1,1,1,2,0,0,1,2,0,1
1574,1446a,1446b,0,0,0,2,0,0,1,0,0,1
1575,1294b,1294c,2,1,0,3,0,3,1,3,0,1
1576,1430a,1430c,2,1,0,3,0,0,3,0,0,1
1577,1178a,1178c,1,0,0,0,0,0,1,3,0,1
1578,1517a,1517c,1,1,0,1,0,0,1,2,0,1
1579,0314b,0314c,1,1,0,3,0,2,0,2,0,1
1580,1325b,1325c,1,3,0,2,0,1,0,0,1,1
1581,0587a,0587b,1,0,0,2,0,1,1,0,1,1
